START_DATE*,END_DATE*,MILES*,START*,STOP*
1/1/2016 21:11,1/1/2016 21:17,5.1,Fort Pierce,Fort Pierce
1/2/2016 1:25,1/2/2016 1:37,5,Fort Pierce,Fort Pierce
1/2/2016 20:25,1/2/2016 20:38,4.8,Fort Pierce,Fort Pierce
1/5/2016 17:31,1/5/2016 17:45,4.7,Fort Pierce,Fort Pierce
1/6/2016 14:42,1/6/2016 15:49,63.7,Fort Pierce,West Palm Beach
1/6/2016 17:15,1/6/2016 17:19,4.3,West Palm Beach,West Palm Beach
1/6/2016 17:30,1/6/2016 17:35,7.1,West Palm Beach,Palm Beach
1/7/2016 13:27,1/7/2016 13:33,0.8,Cary,Cary
1/10/2016 8:05,1/10/2016 8:25,8.3,Cary,Morrisville
1/10/2016 12:17,1/10/2016 12:44,16.5,Jamaica,New York
1/10/2016 15:08,1/10/2016 15:51,10.8,New York,Queens
1/10/2016 18:18,1/10/2016 18:53,7.5,Elmhurst,New York
1/10/2016 19:12,1/10/2016 19:32,6.2,Midtown,East Harlem
1/11/2016 8:55,1/11/2016 9:21,6.4,East Harlem,NoMad
1/11/2016 11:56,1/11/2016 12:03,1.6,Flatiron District,Midtown
1/11/2016 13:32,1/11/2016 13:46,1.7,Midtown,Midtown East
1/11/2016 14:30,1/11/2016 14:43,1.9,Midtown East,Midtown
1/12/2016 12:33,1/12/2016 12:49,1.9,Midtown,Hudson Square
1/12/2016 12:53,1/12/2016 13:09,4,Hudson Square,Lower Manhattan
1/12/2016 14:42,1/12/2016 14:56,1.8,Lower Manhattan,Hudson Square
1/12/2016 15:13,1/12/2016 15:28,2.4,Hudson Square,Hell's Kitchen
1/12/2016 15:42,1/12/2016 15:54,2,Hell's Kitchen,Midtown
1/12/2016 16:02,1/12/2016 17:00,15.1,New York,Queens County
1/13/2016 13:54,1/13/2016 14:07,11.2,Downtown,Gulfton
1/13/2016 15:00,1/13/2016 15:28,11.8,Gulfton,Downtown
1/14/2016 16:29,1/14/2016 17:05,21.9,Houston,Houston
1/14/2016 21:39,1/14/2016 21:45,3.9,Eagan Park,Jamestown Court
1/15/2016 0:41,1/15/2016 1:01,8,Morrisville,Cary
1/15/2016 11:43,1/15/2016 12:03,10.4,Cary,Durham
1/15/2016 13:26,1/15/2016 13:44,10.4,Durham,Cary
1/18/2016 14:55,1/18/2016 15:06,4.8,Cary,Cary
1/18/2016 16:13,1/18/2016 16:24,4.7,Farmington Woods,Whitebridge
1/19/2016 9:09,1/19/2016 9:23,7.2,Whitebridge,Lake Wellingborough
1/19/2016 10:55,1/19/2016 11:09,7.6,Lake Wellingborough,Whitebridge
1/20/2016 10:36,1/20/2016 11:11,17.1,Cary,Raleigh
1/20/2016 11:48,1/20/2016 12:19,15.1,Fayetteville Street,Umstead
1/20/2016 13:25,1/20/2016 14:19,40.2,Raleigh,Cary
1/21/2016 14:25,1/21/2016 14:29,1.6,Cary,Cary
1/21/2016 14:43,1/21/2016 14:51,2.4,Cary,Cary
1/21/2016 16:01,1/21/2016 16:06,1,Cary,Cary
1/26/2016 10:41,1/26/2016 10:50,2,Whitebridge,Hazelwood
1/26/2016 12:33,1/26/2016 12:41,2.3,Hazelwood,Whitebridge
1/26/2016 16:24,1/26/2016 16:32,1.9,Whitebridge,Westpark Place
1/26/2016 17:17,1/26/2016 17:22,1.4,Cary,Cary
1/26/2016 17:27,1/26/2016 17:29,0.5,Cary,Cary
1/27/2016 9:24,1/27/2016 9:31,1.8,Cary,Cary
1/27/2016 10:19,1/27/2016 10:48,18.7,Cary,Raleigh
1/27/2016 12:34,1/27/2016 12:44,3.4,Fairmont,Meredith Townes
1/27/2016 14:05,1/27/2016 14:13,2.7,Raleigh,Raleigh
1/27/2016 14:46,1/27/2016 15:08,12.9,Raleigh,Cary
1/28/2016 12:28,1/28/2016 13:00,19,Cary,Raleigh
1/28/2016 15:11,1/28/2016 15:31,14.7,Meredith Townes,Leesville Hollow
1/28/2016 16:21,1/28/2016 16:51,15.7,Raleigh,Cary
1/29/2016 9:31,1/29/2016 9:45,4.6,Cary,Cary
1/29/2016 10:56,1/29/2016 11:07,5.2,Cary,Cary
1/29/2016 11:43,1/29/2016 12:03,10.4,Cary,Durham
1/29/2016 13:24,1/29/2016 13:47,10.1,Durham,Cary
1/29/2016 18:31,1/29/2016 18:52,5.8,Cary,Apex
1/29/2016 21:21,1/29/2016 21:40,5.5,Apex,Cary
1/30/2016 16:21,1/30/2016 16:33,5.7,Cary,Apex
1/30/2016 18:09,1/30/2016 18:24,5.7,Apex,Cary
2/1/2016 10:35,2/1/2016 11:15,19.4,Cary,Chapel Hill
2/1/2016 12:10,2/1/2016 12:43,23.3,Chapel Hill,Cary
2/1/2016 12:56,2/1/2016 13:07,3.9,Northwoods,Whitebridge
2/2/2016 13:04,2/2/2016 13:23,8.3,Whitebridge,Williamsburg Manor
2/2/2016 13:51,2/2/2016 14:06,6,Cary,Cary
2/2/2016 14:38,2/2/2016 14:42,1.6,Cary,Cary
2/4/2016 8:40,2/4/2016 9:01,5.2,Cary,Morrisville
2/4/2016 9:37,2/4/2016 10:09,9.7,Morrisville,Cary
2/4/2016 10:26,2/4/2016 10:32,1.6,Cary,Cary
2/4/2016 15:59,2/4/2016 16:03,1.1,Cary,Cary
2/4/2016 16:35,2/4/2016 16:39,1.6,Cary,Cary
2/4/2016 18:04,2/4/2016 18:31,9,Whitebridge,Macgregor Downs
2/4/2016 20:36,2/4/2016 20:55,7.7,Cary,Cary
2/5/2016 11:47,2/5/2016 12:07,10.4,Cary,Durham
2/5/2016 13:22,2/5/2016 13:41,10.4,Durham,Cary
2/6/2016 16:20,2/6/2016 16:53,11.4,Cary,Raleigh
2/6/2016 18:57,2/6/2016 19:21,9,Raleigh,Cary
2/6/2016 19:28,2/6/2016 19:37,3.2,Edgehill Farms,Whitebridge
2/7/2016 16:49,2/7/2016 17:01,5.6,Cary,Apex
2/7/2016 18:03,2/7/2016 18:17,5.7,Apex,Cary
2/7/2016 18:39,2/7/2016 18:53,6.1,Cary,Morrisville
2/7/2016 20:22,2/7/2016 20:40,6.1,Morrisville,Cary
2/8/2016 12:57,2/8/2016 13:08,4.3,Whitebridge,Edgehill Farms
2/8/2016 14:00,2/8/2016 14:10,2.7,Edgehill Farms,Whitebridge
2/9/2016 10:54,2/9/2016 11:07,5.3,Whitebridge,Northwoods
2/9/2016 11:43,2/9/2016 11:50,3,Northwoods,Tanglewood
2/9/2016 13:36,2/9/2016 13:52,5.1,Tanglewood,Preston
2/9/2016 13:58,2/9/2016 14:02,1.5,Preston,Whitebridge
2/9/2016 18:55,2/9/2016 19:11,6.1,Cary,Morrisville
2/9/2016 20:24,2/9/2016 20:40,6.1,Morrisville,Cary
2/11/2016 16:28,2/11/2016 17:10,17.3,Cary,Raleigh
2/11/2016 17:49,2/11/2016 18:10,5.7,Eastgate,Walnut Terrace
2/11/2016 18:24,2/11/2016 18:46,13.5,Raleigh,Morrisville
2/11/2016 20:36,2/11/2016 20:51,6.1,Morrisville,Cary
2/12/2016 8:21,2/12/2016 8:42,8.5,Cary,Durham
2/12/2016 10:45,2/12/2016 10:52,2.6,Durham,Morrisville
2/12/2016 11:14,2/12/2016 11:35,17,Morrisville,Raleigh
2/12/2016 13:02,2/12/2016 13:36,18,Raleigh,Cary
2/12/2016 14:49,2/12/2016 15:06,8.4,Cary,Morrisville
2/12/2016 15:33,2/12/2016 16:06,11.5,Morrisville,Cary
2/13/2016 14:21,2/13/2016 14:41,8.9,Cary,Morrisville
2/13/2016 23:45,2/14/2016 0:01,2.7,East Elmhurst,Jackson Heights
2/14/2016 0:50,2/14/2016 1:00,1.8,Jackson Heights,East Elmhurst
2/14/2016 14:07,2/14/2016 14:40,8.1,East Elmhurst,New York
2/14/2016 14:46,2/14/2016 15:03,2,Midtown,Midtown West
2/14/2016 16:35,2/14/2016 17:02,13,New York,Long Island City
2/14/2016 17:06,2/14/2016 17:29,13.9,Long Island City,Jamaica
2/16/2016 3:21,2/16/2016 4:13,43.7,Katunayaka,Unknown Location
2/16/2016 8:29,2/16/2016 9:34,14.1,Unknown Location,Colombo
2/16/2016 10:31,2/16/2016 10:41,2.6,Colombo,Colombo
2/16/2016 11:32,2/16/2016 12:02,4.5,Colombo,Colombo
2/16/2016 12:39,2/16/2016 12:42,1.7,Colombo,Colombo
2/16/2016 13:43,2/16/2016 13:55,1.8,Colombo,Colombo
2/16/2016 16:34,2/16/2016 17:10,6,Colombo,Colombo
2/16/2016 17:17,2/16/2016 17:26,1.1,Colombo,Nugegoda
2/16/2016 17:40,2/16/2016 17:44,3.6,Nugegoda,Unknown Location
2/17/2016 13:18,2/17/2016 14:04,14.7,Unknown Location,Colombo
2/17/2016 15:17,2/17/2016 15:22,1.7,Colombo,Colombo
2/17/2016 15:33,2/17/2016 16:17,21.4,Colombo,Katunayaka
2/17/2016 16:38,2/17/2016 16:43,0.5,Katunayaka,Katunayaka
2/18/2016 8:19,2/18/2016 8:27,23.5,Unknown Location,Unknown Location
2/18/2016 14:03,2/18/2016 14:45,12.7,Unknown Location,Islamabad
2/18/2016 15:16,2/18/2016 15:31,6,Islamabad,Unknown Location
2/18/2016 18:44,2/18/2016 18:58,5.2,Unknown Location,Islamabad
2/18/2016 19:27,2/18/2016 20:08,10,Islamabad,Unknown Location
2/19/2016 9:02,2/19/2016 9:14,18.3,Unknown Location,Unknown Location
2/19/2016 9:21,2/19/2016 9:51,11.2,Unknown Location,Unknown Location
2/19/2016 10:21,2/19/2016 10:48,7.6,Unknown Location,Islamabad
2/19/2016 11:20,2/19/2016 11:26,1.5,Islamabad,Islamabad
2/19/2016 11:45,2/19/2016 11:50,1,Islamabad,Islamabad
2/19/2016 12:09,2/19/2016 12:27,7.3,Islamabad,Unknown Location
2/19/2016 16:26,2/19/2016 16:45,3.5,Unknown Location,Islamabad
2/19/2016 17:09,2/19/2016 17:20,4.2,Islamabad,Islamabad
2/19/2016 20:08,2/19/2016 20:30,13.6,Islamabad,Unknown Location
2/19/2016 20:34,2/19/2016 20:51,2.5,Unknown Location,Unknown Location
2/20/2016 7:59,2/20/2016 8:32,14.4,Unknown Location,Islamabad
2/20/2016 10:48,2/20/2016 10:56,3,Islamabad,Islamabad
2/20/2016 11:45,2/20/2016 11:53,1.5,Islamabad,Islamabad
2/20/2016 12:41,2/20/2016 13:17,18.4,Islamabad,R?walpindi
2/20/2016 14:50,2/20/2016 15:54,23.1,R?walpindi,R?walpindi
2/20/2016 16:59,2/20/2016 17:54,16.5,R?walpindi,Unknown Location
2/20/2016 18:00,2/20/2016 18:03,3.2,Unknown Location,Unknown Location
2/20/2016 19:28,2/20/2016 19:49,7.7,Unknown Location,Unknown Location
2/21/2016 9:07,2/21/2016 9:46,14.5,Unknown Location,Islamabad
2/21/2016 11:39,2/21/2016 11:43,2.4,Unknown Location,Islamabad
2/21/2016 11:47,2/21/2016 12:01,4.6,Islamabad,Islamabad
2/21/2016 12:13,2/21/2016 12:35,8.8,Islamabad,Unknown Location
2/21/2016 12:51,2/21/2016 13:12,8.3,Unknown Location,Unknown Location
2/21/2016 13:33,2/21/2016 14:30,22.7,Unknown Location,Unknown Location
2/21/2016 14:36,2/21/2016 15:03,13,Unknown Location,Islamabad
2/21/2016 15:14,2/21/2016 15:31,8.1,Islamabad,Noorpur Shahan
2/21/2016 15:36,2/21/2016 15:41,2.2,Noorpur Shahan,Unknown Location
2/21/2016 16:04,2/21/2016 16:32,9.7,Unknown Location,Unknown Location
2/21/2016 23:15,2/21/2016 23:52,20,Unknown Location,R?walpindi
2/22/2016 21:54,2/22/2016 22:09,8.1,Morrisville,Cary
2/24/2016 14:30,2/24/2016 14:35,1.5,Whitebridge,Preston
2/24/2016 15:19,2/24/2016 15:25,1.7,Preston,Whitebridge
2/25/2016 16:27,2/25/2016 16:35,3.1,Whitebridge,Heritage Pines
2/25/2016 16:47,2/25/2016 17:02,3.2,Heritage Pines,Whitebridge
2/25/2016 17:16,2/25/2016 17:36,6,Whitebridge,Tanglewood
2/25/2016 18:22,2/25/2016 18:39,5.8,Tanglewood,Whitebridge
2/26/2016 9:06,2/26/2016 9:29,6.3,Whitebridge,Westpark Place
2/26/2016 11:05,2/26/2016 11:11,1.7,Westpark Place,Whitebridge
2/26/2016 11:35,2/26/2016 11:59,10.6,Cary,Durham
2/26/2016 13:01,2/26/2016 13:24,9.9,Durham,Cary
2/26/2016 14:38,2/26/2016 14:46,1.9,Whitebridge,Westpark Place
2/26/2016 15:00,2/26/2016 15:18,4.2,Westpark Place,Hazelwood
2/26/2016 17:01,2/26/2016 17:12,2,Hazelwood,Whitebridge
2/28/2016 5:22,2/28/2016 5:38,7.7,Whitebridge,Waverly Place
2/28/2016 9:26,2/28/2016 9:42,6.8,Waverly Place,Whitebridge
2/29/2016 11:07,2/29/2016 11:14,2.1,Whitebridge,Westpark Place
2/29/2016 11:30,2/29/2016 11:40,3.8,Cary,Apex
2/29/2016 12:36,2/29/2016 12:48,5.6,Apex,Cary
2/29/2016 14:55,2/29/2016 15:03,2.6,Whitebridge,Hazelwood
2/29/2016 16:40,2/29/2016 17:00,6.6,Hazelwood,Whitebridge
3/1/2016 18:47,3/1/2016 19:10,8,Whitebridge,Wayne Ridge
3/1/2016 21:27,3/1/2016 21:45,8,Wayne Ridge,Whitebridge
3/3/2016 9:45,3/3/2016 9:52,2.2,Whitebridge,Westpark Place
3/3/2016 11:04,3/3/2016 11:10,2.3,Westpark Place,Whitebridge
3/3/2016 14:44,3/3/2016 14:58,5.2,Whitebridge,Northwoods
3/3/2016 15:27,3/3/2016 15:48,7.6,Cary,Raleigh
3/3/2016 16:02,3/3/2016 16:42,17.3,Raleigh,Cary
3/4/2016 7:47,3/4/2016 8:06,9.9,Cary,Durham
3/4/2016 9:46,3/4/2016 10:03,9.9,Durham,Cary
3/4/2016 11:46,3/4/2016 12:06,10.4,Cary,Durham
3/4/2016 13:03,3/4/2016 13:25,10.9,Durham,Cary
3/4/2016 13:40,3/4/2016 14:09,15.7,Cary,Raleigh
3/4/2016 15:56,3/4/2016 16:08,4.9,Raleigh,Raleigh
3/4/2016 16:16,3/4/2016 16:22,0.8,Fayetteville Street,Depot Historic District
3/4/2016 16:43,3/4/2016 17:12,13.5,Raleigh,Cary
3/4/2016 19:02,3/4/2016 19:08,1.9,Cary,Morrisville
3/4/2016 19:16,3/4/2016 19:25,2,Morrisville,Cary
3/5/2016 11:44,3/5/2016 11:59,6.5,Cary,Morrisville
3/5/2016 12:57,3/5/2016 13:12,4.2,Weston,Weston
3/5/2016 14:08,3/5/2016 14:18,3.5,Morrisville,Cary
3/5/2016 14:39,3/5/2016 15:01,7.8,Whitebridge,Wayne Ridge
3/5/2016 16:52,3/5/2016 17:13,7.8,Cary,Morrisville
3/5/2016 17:23,3/5/2016 17:34,3.9,Morrisville,Cary
3/7/2016 9:10,3/7/2016 9:20,2.8,Whitebridge,Edgehill Farms
3/7/2016 9:23,3/7/2016 9:47,12.4,Cary,Raleigh
3/7/2016 12:10,3/7/2016 12:26,5.9,Fayetteville Street,Meredith Townes
3/7/2016 13:57,3/7/2016 14:18,9.4,Meredith Townes,Leesville Hollow
3/7/2016 15:19,3/7/2016 15:45,11.9,Raleigh,Cary
3/8/2016 14:38,3/8/2016 14:55,7.2,Whitebridge,Waverly Place
3/8/2016 15:35,3/8/2016 16:00,7.6,Waverly Place,Whitebridge
3/8/2016 16:13,3/8/2016 16:25,1.6,Whitebridge,Whitebridge
3/10/2016 3:36,3/10/2016 3:53,8.4,Cary,Morrisville
3/10/2016 10:08,3/10/2016 10:37,12.8,East Austin,West University
3/10/2016 14:39,3/10/2016 14:55,2.3,West University,South Congress
3/10/2016 16:18,3/10/2016 16:28,1.6,South Congress,Arts District
3/11/2016 9:47,3/11/2016 9:59,2,The Drag,Congress Ave District
3/11/2016 10:29,3/11/2016 10:36,0.8,Congress Ave District,Downtown
3/11/2016 11:57,3/11/2016 12:04,1.2,Downtown,Red River District
3/11/2016 13:43,3/11/2016 13:51,1,Red River District,Downtown
3/11/2016 19:21,3/11/2016 19:35,2.1,South Congress,The Drag
3/12/2016 9:13,3/12/2016 9:22,2.2,The Drag,South Congress
3/12/2016 18:27,3/12/2016 18:37,1.9,South Congress,The Drag
3/13/2016 9:07,3/13/2016 9:37,5.7,The Drag,Convention Center District
3/13/2016 18:23,3/13/2016 18:43,8.4,South Congress,North Austin
3/13/2016 20:07,3/13/2016 20:28,6.2,Georgian Acres,The Drag
3/13/2016 20:39,3/13/2016 20:58,10.5,The Drag,North Austin
3/13/2016 21:11,3/13/2016 21:23,7.2,North Austin,Coxville
3/13/2016 22:19,3/13/2016 22:39,12.5,Coxville,The Drag
3/14/2016 8:34,3/14/2016 8:49,2,The Drag,South Congress
3/14/2016 18:39,3/14/2016 18:55,2.7,South Congress,The Drag
3/15/2016 8:45,3/15/2016 8:57,2,The Drag,Convention Center District
3/15/2016 20:48,3/15/2016 21:01,2.8,Downtown,The Drag
3/16/2016 11:34,3/16/2016 11:45,1.7,The Drag,Congress Ave District
3/16/2016 14:44,3/16/2016 14:55,2,Convention Center District,West University
3/16/2016 18:43,3/16/2016 18:56,2.1,West University,Congress Ave District
3/17/2016 0:33,3/17/2016 0:44,1.7,Downtown,The Drag
3/17/2016 12:52,3/17/2016 15:11,136,Austin,Katy
3/17/2016 15:16,3/17/2016 15:58,30.2,Katy,Houston
3/17/2016 17:20,3/17/2016 18:02,15.5,Midtown,Alief
3/17/2016 18:47,3/17/2016 19:09,4.9,Houston,Houston
3/17/2016 20:57,3/17/2016 21:28,12.6,Houston,Houston
3/17/2016 21:48,3/17/2016 22:04,10.4,Sharpstown,Midtown
3/18/2016 7:15,3/18/2016 7:21,1.1,Midtown,Midtown
3/18/2016 8:35,3/18/2016 8:43,1.1,Midtown,Midtown
3/18/2016 18:24,3/18/2016 19:08,13.2,Midtown,Sharpstown
3/18/2016 19:23,3/18/2016 19:29,1,Sharpstown,Sharpstown
3/18/2016 21:01,3/18/2016 21:15,9.2,Sharpstown,Midtown
3/19/2016 9:10,3/19/2016 9:25,9.4,Midtown,Sharpstown
3/19/2016 12:50,3/19/2016 13:13,12,Houston,Sugar Land
3/19/2016 14:01,3/19/2016 14:57,35.1,Sugar Land,Houston
3/19/2016 15:34,3/19/2016 16:38,36.5,Houston,Galveston
3/19/2016 17:17,3/19/2016 17:32,3.1,Galveston,Port Bolivar
3/19/2016 17:37,3/19/2016 17:47,2.1,Port Bolivar,Port Bolivar
3/19/2016 17:52,3/19/2016 18:00,1.2,Port Bolivar,Port Bolivar
3/19/2016 18:53,3/19/2016 19:29,7.5,Port Bolivar,Galveston
3/19/2016 19:33,3/19/2016 20:39,57,Galveston,Houston
3/20/2016 7:37,3/20/2016 7:48,5.9,Midtown,Washington Avenue
3/20/2016 11:42,3/20/2016 11:56,6.2,Washington Avenue,Midtown
3/20/2016 17:08,3/20/2016 17:34,10.4,Midtown,Sharpstown
3/20/2016 18:34,3/20/2016 18:40,1.2,Sharpstown,Briar Meadow
3/20/2016 18:45,3/20/2016 19:06,9.6,Briar Meadow,Midtown
3/21/2016 10:21,3/21/2016 10:26,1,Midtown,Downtown
3/21/2016 16:05,3/21/2016 16:13,0.9,Downtown,Midtown
3/21/2016 18:59,3/21/2016 19:15,8.8,Midtown,Sharpstown
3/21/2016 20:18,3/21/2016 20:55,25.6,Sharpstown,Midtown
3/22/2016 6:17,3/22/2016 6:43,23,Midtown,Greater Greenspoint
3/22/2016 12:06,3/22/2016 12:24,8.1,Morrisville,Cary
3/22/2016 19:12,3/22/2016 19:25,1.4,Whitebridge,Whitebridge
3/23/2016 14:37,3/23/2016 14:42,1.7,Whitebridge,Preston
3/23/2016 14:53,3/23/2016 14:59,1.6,Preston,Whitebridge
3/24/2016 19:47,3/24/2016 19:54,2,Whitebridge,Westpark Place
3/24/2016 20:34,3/24/2016 20:40,2.2,Westpark Place,Whitebridge
3/25/2016 13:24,3/25/2016 16:22,144,Cary,Latta
3/25/2016 16:52,3/25/2016 22:22,310.3,Latta,Jacksonville
3/25/2016 22:54,3/26/2016 1:39,201,Jacksonville,Kissimmee
3/26/2016 14:05,3/26/2016 14:29,6.7,Couples Glen,Isles of Buena Vista
3/26/2016 15:19,3/26/2016 15:49,8.8,Kissimmee,Orlando
3/26/2016 16:26,3/26/2016 16:30,1.2,Lake Reams,Lake Reams
3/27/2016 0:31,3/27/2016 0:40,2.1,Lake Reams,Lake Reams
3/27/2016 1:11,3/27/2016 1:23,6.6,Orlando,Kissimmee
3/27/2016 15:31,3/27/2016 15:56,6.1,Kissimmee,Orlando
3/27/2016 21:26,3/27/2016 21:41,6.9,Orlando,Orlando
3/27/2016 23:04,3/27/2016 23:18,7.3,Orlando,Kissimmee
3/28/2016 12:29,3/28/2016 12:42,3.6,Kissimmee,Orlando
3/28/2016 19:30,3/28/2016 20:23,27.2,Couples Glen,Vista East
3/28/2016 22:55,3/28/2016 23:26,25.7,Orlando,Kissimmee
3/29/2016 15:27,3/29/2016 16:11,13.6,Kissimmee,Orlando
3/29/2016 18:20,3/29/2016 18:39,6.2,Sand Lake Commons,Sky Lake
3/29/2016 20:29,3/29/2016 20:44,6,Sky Lake,Sand Lake Commons
3/29/2016 23:04,3/29/2016 23:21,13.8,Orlando,Kissimmee
3/30/2016 22:05,3/30/2016 22:55,28.8,Orlando,Kissimmee
3/31/2016 12:47,3/31/2016 13:22,16.1,Kissimmee,Orlando
3/31/2016 14:37,3/31/2016 15:09,16.4,Orlando,Kissimmee
4/1/2016 13:43,4/1/2016 14:01,11,Kissimmee,Kissimmee
4/1/2016 14:36,4/1/2016 15:24,15.5,Kissimmee,Orlando
4/1/2016 16:01,4/1/2016 16:49,20.3,Orlando,Kissimmee
4/1/2016 16:52,4/1/2016 16:57,0.7,Kissimmee,Kissimmee
4/2/2016 8:48,4/2/2016 9:04,5.5,Kissimmee,Kissimmee
4/2/2016 11:01,4/2/2016 11:16,5.1,Kissimmee,Kissimmee
4/2/2016 12:21,4/2/2016 14:47,77.3,Kissimmee,Daytona Beach
4/2/2016 16:57,4/2/2016 18:09,80.5,Daytona Beach,Jacksonville
4/2/2016 19:38,4/2/2016 22:36,174.2,Jacksonville,Ridgeland
4/2/2016 23:11,4/3/2016 1:34,144,Ridgeland,Florence
4/3/2016 2:00,4/3/2016 4:16,159.3,Florence,Cary
4/5/2016 21:39,4/5/2016 21:55,7.9,Whitebridge,Wayne Ridge
4/6/2016 0:19,4/6/2016 0:39,8,Wayne Ridge,Whitebridge
4/7/2016 18:20,4/7/2016 18:39,6.1,Cary,Morrisville
4/7/2016 19:45,4/7/2016 20:00,6.1,Morrisville,Cary
4/8/2016 12:30,4/8/2016 12:48,10.5,Cary,Durham
4/8/2016 13:34,4/8/2016 13:51,8.7,Durham,Cary
4/8/2016 13:55,4/8/2016 14:03,1.8,Westpark Place,Whitebridge
4/8/2016 14:43,4/8/2016 15:20,19.1,Cary,Raleigh
4/8/2016 16:05,4/8/2016 16:47,18.6,Raleigh,Cary
4/12/2016 9:15,4/12/2016 9:26,2.8,Whitebridge,Edgehill Farms
4/12/2016 9:34,4/12/2016 9:53,8.9,Cary,Raleigh
4/12/2016 10:58,4/12/2016 11:18,7.5,Meredith,Cedar Hill
4/12/2016 12:22,4/12/2016 12:44,15.9,Raleigh,Morrisville
4/12/2016 13:42,4/12/2016 14:01,6.5,Morrisville,Cary
4/14/2016 7:29,4/14/2016 8:09,15.3,Cary,Holly Springs
4/14/2016 16:00,4/14/2016 16:43,13.7,Holly Springs,Cary
4/15/2016 11:36,4/15/2016 12:07,11.9,Cary,Raleigh
4/15/2016 12:29,4/15/2016 12:32,1.4,Meredith Townes,Harden Place
4/15/2016 14:31,4/15/2016 15:01,15.2,Raleigh,Cary
4/16/2016 12:59,4/16/2016 13:17,6,Cary,Morrisville
4/16/2016 15:10,4/16/2016 15:26,6.1,Morrisville,Cary
4/19/2016 17:44,4/19/2016 18:08,8.2,Whitebridge,Wayne Ridge
4/19/2016 19:57,4/19/2016 20:19,8,Wayne Ridge,Whitebridge
4/22/2016 8:25,4/22/2016 9:04,13.6,Cary,Raleigh
4/22/2016 10:10,4/22/2016 10:40,22.5,Raleigh,Cary
4/22/2016 12:08,4/22/2016 12:28,10.4,Cary,Durham
4/22/2016 13:02,4/22/2016 13:26,10,Durham,Cary
4/23/2016 17:03,4/23/2016 17:16,6,Whitebridge,Tanglewood
4/23/2016 18:49,4/23/2016 19:05,6.5,Tanglewood,Whitebridge
4/24/2016 19:07,4/24/2016 19:16,3.1,Cary,Morrisville
4/24/2016 19:46,4/24/2016 19:52,1.9,Chessington,Chessington
4/24/2016 21:41,4/24/2016 21:50,4.2,Morrisville,Cary
4/27/2016 13:30,4/27/2016 13:40,4.9,Whitebridge,Burtrose
4/27/2016 14:13,4/27/2016 14:25,4.8,Burtrose,Whitebridge
4/28/2016 12:09,4/28/2016 12:34,12.4,Cary,Raleigh
4/28/2016 13:30,4/28/2016 13:49,32.8,Raleigh,Cary
4/28/2016 22:10,4/28/2016 22:28,5.5,Morrisville,Cary
4/29/2016 11:44,4/29/2016 12:01,9.9,Cary,Durham
4/29/2016 13:13,4/29/2016 13:34,10,Durham,Cary
4/29/2016 18:46,4/29/2016 19:18,14.2,Cary,Durham
4/29/2016 22:44,4/29/2016 23:19,18.2,Durham,Cary
4/30/2016 18:42,4/30/2016 18:57,7.7,Whitebridge,Waverly Place
4/30/2016 22:16,4/30/2016 22:34,6.8,Waverly Place,Whitebridge
5/1/2016 13:45,5/1/2016 13:53,2.1,Whitebridge,Westpark Place
5/1/2016 14:26,5/1/2016 14:31,2.3,Westpark Place,Whitebridge
5/1/2016 17:33,5/1/2016 17:45,6.2,Whitebridge,Tanglewood
5/1/2016 17:54,5/1/2016 18:10,7.5,Tanglewood,Parkway
5/1/2016 22:38,5/1/2016 22:49,3.1,Parkway,Whitebridge
5/2/2016 14:14,5/2/2016 14:21,2.2,Whitebridge,Westpark Place
5/2/2016 15:37,5/2/2016 15:48,3.9,Westpark Place,Whitebridge
5/3/2016 22:20,5/3/2016 22:28,2.5,Morrisville,Cary
5/4/2016 15:16,5/4/2016 15:37,8.7,Cary,Morrisville
5/4/2016 20:55,5/4/2016 21:14,14.5,Mcvan,Capitol One
5/4/2016 21:30,5/4/2016 21:36,4.5,Capitol One,University District
5/4/2016 22:19,5/4/2016 22:27,5,University District,Capitol One
5/5/2016 21:24,5/5/2016 21:36,14.2,Seattle,Redmond
5/5/2016 22:34,5/5/2016 22:40,2.9,Redmond,Bellevue
5/5/2016 23:55,5/6/2016 0:08,12.9,Bellevue,Seattle
5/6/2016 5:47,5/6/2016 6:02,14.4,Capitol One,Mcvan
5/6/2016 16:45,5/6/2016 16:59,17,Chapel Hill,Morrisville
5/6/2016 17:18,5/6/2016 17:44,7.9,Morrisville,Cary
5/9/2016 6:08,5/9/2016 6:25,8.4,Cary,Morrisville
5/9/2016 14:39,5/9/2016 15:06,20.5,San Francisco,Palo Alto
5/9/2016 17:58,5/9/2016 18:26,9.8,Palo Alto,Sunnyvale
5/9/2016 19:35,5/9/2016 19:59,17.6,Sunnyvale,Newark
5/10/2016 9:03,5/10/2016 9:20,9.3,Newark,Menlo Park
5/10/2016 17:19,5/10/2016 17:31,7.9,Menlo Park,Newark
5/11/2016 8:35,5/11/2016 9:12,25.6,Newark,San Francisco
5/11/2016 21:47,5/11/2016 22:04,8.1,Morrisville,Cary
5/14/2016 18:35,5/14/2016 18:39,3.1,Cary,Morrisville
5/14/2016 23:01,5/14/2016 23:05,3.1,Morrisville,Cary
5/17/2016 13:15,5/17/2016 13:23,2.8,Whitebridge,Preston
5/17/2016 13:56,5/17/2016 14:08,2.7,Preston,Westpark Place
5/17/2016 14:34,5/17/2016 14:40,1.9,Westpark Place,Whitebridge
5/18/2016 9:11,5/18/2016 9:41,8.4,Cary,Morrisville
5/18/2016 13:00,5/18/2016 13:02,7.6,Morrisville,Raleigh
5/19/2016 14:37,5/19/2016 15:01,2.9,Old City,Parkway Museums
5/20/2016 10:56,5/20/2016 11:07,11.2,Old City,Hog Island
5/20/2016 15:43,5/20/2016 16:12,8.2,Morrisville,Cary
5/22/2016 15:39,5/22/2016 15:46,3,Cary,Morrisville
5/22/2016 18:46,5/22/2016 18:53,2.5,Morrisville,Cary
5/23/2016 20:19,5/23/2016 20:27,3.6,Whitebridge,Savon Height
5/23/2016 21:09,5/23/2016 21:21,3.6,Savon Height,Whitebridge
5/27/2016 20:26,5/27/2016 20:30,4.5,Whitebridge,Kildaire Farms
5/27/2016 20:47,5/27/2016 20:53,1.2,Savon Height,Kilarney Woods
5/27/2016 22:11,5/27/2016 22:14,1.7,Kilarney Woods,Kildaire Farms
5/28/2016 0:15,5/28/2016 0:21,4.7,Kilarney Woods,Whitebridge
5/28/2016 12:52,5/28/2016 13:06,6.1,Cary,Morrisville
5/28/2016 14:35,5/28/2016 15:04,11.3,Morrisville,Cary
5/31/2016 13:54,5/31/2016 14:41,14.9,Cary,Raleigh
5/31/2016 16:02,5/31/2016 16:39,14,Raleigh,Cary
5/31/2016 17:50,5/31/2016 17:59,1.8,Westpark Place,Whitebridge
6/1/2016 10:19,6/1/2016 10:47,6.7,Cary,Morrisville
6/1/2016 13:10,6/1/2016 13:39,9.6,Morrisville,Cary
6/3/2016 11:29,6/3/2016 11:49,10.4,Cary,Durham
6/3/2016 13:08,6/3/2016 13:38,9.9,Durham,Cary
6/3/2016 15:31,6/3/2016 15:54,6,Cary,Morrisville
6/3/2016 18:14,6/3/2016 18:29,3.3,Townes at Everett Crossing,Chessington
6/3/2016 18:41,6/3/2016 18:53,3.1,Morrisville,Cary
6/3/2016 19:36,6/3/2016 19:42,1.7,Huntington Woods,Weston
6/3/2016 22:47,6/3/2016 23:06,4,Morrisville,Cary
6/5/2016 14:03,6/5/2016 14:33,7.8,Whitebridge,Savon Height
6/5/2016 15:06,6/5/2016 15:22,7.8,Cary,Morrisville
6/5/2016 15:57,6/5/2016 16:08,3.8,Weston,Weston
6/5/2016 18:05,6/5/2016 18:14,2.5,Morrisville,Cary
6/5/2016 21:53,6/5/2016 22:05,9.9,Cary,Durham
6/5/2016 23:52,6/6/2016 0:08,9.9,Durham,Cary
6/6/2016 15:36,6/6/2016 15:45,3,Whitebridge,Hazelwood
6/6/2016 16:16,6/6/2016 16:24,2.4,Hazelwood,Whitebridge
6/6/2016 20:06,6/6/2016 20:20,5.7,Cary,Apex
6/6/2016 21:08,6/6/2016 21:37,7.2,Apex,Cary
6/6/2016 21:41,6/6/2016 22:00,10.4,Cary,Durham
6/6/2016 23:34,6/6/2016 23:48,9.9,Durham,Cary
6/7/2016 21:42,6/7/2016 22:00,10.4,Cary,Durham
6/7/2016 23:41,6/8/2016 0:04,9.9,Durham,Cary
6/8/2016 8:23,6/8/2016 8:53,8.7,Cary,Morrisville
6/8/2016 12:04,6/8/2016 13:01,22.3,Jamaica,New York
6/8/2016 13:12,6/8/2016 13:29,3.3,Seaport,Gramercy-Flatiron
6/8/2016 14:31,6/8/2016 14:37,0.7,Medical Centre,Tudor City
6/8/2016 16:55,6/8/2016 17:11,2.5,Rose Hill,Soho
6/8/2016 17:16,6/8/2016 17:18,0.5,Soho,Tribeca
6/8/2016 17:59,6/8/2016 18:05,0.9,Tribeca,Financial District
6/8/2016 20:11,6/8/2016 20:25,4.8,Financial District,Kips Bay
6/10/2016 15:19,6/10/2016 16:28,16.3,New York,Jamaica
6/10/2016 21:47,6/10/2016 22:04,10.4,Cary,Durham
6/10/2016 23:53,6/11/2016 0:01,9.9,Durham,Cary
6/11/2016 17:08,6/11/2016 17:16,3.7,Cary,Morrisville
6/11/2016 17:34,6/11/2016 17:39,4.6,Morrisville,Cary
6/11/2016 17:50,6/11/2016 17:56,1.7,Westpark Place,Whitebridge
6/11/2016 21:45,6/11/2016 22:04,10.4,Cary,Durham
6/11/2016 23:39,6/12/2016 0:05,9.9,Durham,Cary
6/12/2016 19:53,6/12/2016 19:56,2.5,Cary,Morrisville
6/12/2016 20:05,6/12/2016 20:16,4.3,Morrisville,Cary
6/12/2016 21:58,6/12/2016 22:19,2.8,Parkway,Whitebridge
6/13/2016 5:23,6/13/2016 5:42,8.4,Cary,Morrisville
6/13/2016 14:17,6/13/2016 14:46,13.2,Oakland,Emeryville
6/13/2016 18:08,6/13/2016 18:47,3.9,Emeryville,Berkeley
6/13/2016 18:54,6/13/2016 19:23,5.1,Berkeley,Oakland
6/13/2016 20:00,6/13/2016 20:05,5.2,Oakland,Unknown Location
6/14/2016 12:03,6/14/2016 12:21,9.8,Emeryville,San Francisco
6/14/2016 16:09,6/14/2016 16:39,11.6,San Francisco,Emeryville
6/14/2016 17:15,6/14/2016 17:24,5.1,Emeryville,Oakland
6/14/2016 17:27,6/14/2016 17:57,9.3,Downtown,Bay Farm Island
6/15/2016 1:46,6/15/2016 2:06,12.4,Kenner,New Orleans
6/15/2016 15:26,6/15/2016 15:34,1.9,CBD,Lower Garden District
6/15/2016 16:37,6/15/2016 17:02,6.4,Lower Garden District,Lakeview
6/15/2016 17:29,6/15/2016 17:49,5.5,Lakeview,Storyville
6/15/2016 19:52,6/15/2016 19:58,1.5,Storyville,Faubourg Marigny
6/16/2016 13:36,6/16/2016 14:30,14.5,New Orleans,Metairie
6/16/2016 14:42,6/16/2016 14:46,2.7,Metairie,Kenner
6/16/2016 15:17,6/16/2016 15:41,15,Kenner,New Orleans
6/16/2016 19:39,6/16/2016 19:56,12.9,New Orleans,Kenner
6/16/2016 21:43,6/16/2016 21:56,13.6,Kenner,New Orleans
6/17/2016 16:11,6/17/2016 16:44,12.2,New Orleans,Kenner
6/18/2016 0:29,6/18/2016 0:51,8.7,Morrisville,Cary
6/19/2016 2:39,6/19/2016 2:50,6,Cary,Raleigh
6/19/2016 5:51,6/19/2016 6:00,5.9,Raleigh,Cary
6/21/2016 15:39,6/21/2016 16:08,19.3,Cary,Raleigh
6/21/2016 17:11,6/21/2016 18:02,16.6,Raleigh,Cary
6/24/2016 10:41,6/24/2016 10:57,7.1,Whitebridge,Waverly Place
6/24/2016 11:54,6/24/2016 12:01,2.1,Waverly Place,Macgregor Downs
6/24/2016 12:19,6/24/2016 12:37,8.6,Cary,Raleigh
6/24/2016 12:50,6/24/2016 13:12,9,Raleigh,Morrisville
6/24/2016 13:18,6/24/2016 13:27,3.1,Morrisville,Cary
6/24/2016 14:01,6/24/2016 14:20,8.4,Cary,Morrisville
6/24/2016 20:44,6/24/2016 21:02,12.8,Kenner,New Orleans
6/25/2016 9:03,6/25/2016 9:12,4.5,CBD,Bywater
6/25/2016 9:15,6/25/2016 10:08,11.8,New Orleans,Chalmette
6/25/2016 10:18,6/25/2016 10:25,1.1,Chalmette,Arabi
6/25/2016 10:50,6/25/2016 11:18,17,Arabi,Metairie
6/25/2016 11:25,6/25/2016 11:34,1.7,Pontchartrain Shores,Pontchartrain Shores
6/25/2016 11:53,6/25/2016 13:21,15.5,Metairie,New Orleans
6/25/2016 19:47,6/25/2016 19:58,1.6,Storyville,Marigny
6/25/2016 23:19,6/25/2016 23:26,1.5,Marigny,Storyville
6/26/2016 17:43,6/26/2016 18:18,12.6,New Orleans,Kenner
6/26/2016 18:45,6/26/2016 19:12,4.8,Pontchartrain Shores,Pontchartrain Shores
6/26/2016 19:41,6/26/2016 19:50,2.2,Kenner,Kenner
6/26/2016 21:14,6/26/2016 21:42,13,Kenner,New Orleans
6/27/2016 7:37,6/27/2016 8:48,46.9,New Orleans,Covington
6/27/2016 8:51,6/27/2016 9:00,2.5,Covington,Covington
6/27/2016 9:05,6/27/2016 9:33,8.6,Covington,Covington
6/27/2016 9:43,6/27/2016 10:08,5.2,Covington,Covington
6/27/2016 10:22,6/27/2016 10:39,7.6,Covington,Covington
6/27/2016 10:51,6/27/2016 10:58,1.8,Covington,Covington
6/27/2016 11:06,6/27/2016 11:24,4.7,Covington,Mandeville
6/27/2016 11:30,6/27/2016 11:42,2.8,Mandeville,Mandeville
6/27/2016 12:22,6/27/2016 13:02,30,Mandeville,Metairie
6/27/2016 13:56,6/27/2016 14:05,4.4,Metairie,Kenner
6/27/2016 21:09,6/27/2016 21:19,1,Jamestown Court,Jamestown Court
6/28/2016 0:48,6/28/2016 1:05,8.2,Morrisville,Cary
6/28/2016 20:13,6/28/2016 20:33,10.4,Cary,Durham
6/28/2016 23:34,6/28/2016 23:59,9.9,Durham,Cary
6/28/2016 23:34,6/28/2016 23:59,9.9,Durham,Cary
6/29/2016 8:56,6/29/2016 9:24,7.3,Cary,Morrisville
6/29/2016 10:22,6/29/2016 10:38,7.4,Morrisville,Cary
6/29/2016 11:49,6/29/2016 11:51,1.6,Whitebridge,Westpark Place
6/29/2016 12:11,6/29/2016 12:16,1.8,Westpark Place,Whitebridge
6/29/2016 20:11,6/29/2016 20:29,10.4,Cary,Durham
6/29/2016 23:38,6/30/2016 0:00,9.9,Durham,Cary
6/30/2016 20:09,6/30/2016 20:26,9.9,Cary,Durham
7/1/2016 0:00,7/1/2016 0:25,9.9,Durham,Cary
7/1/2016 9:34,7/1/2016 9:57,13.3,Cary,Raleigh
7/1/2016 12:36,7/1/2016 13:00,11.3,Raleigh,Cary
7/1/2016 20:06,7/1/2016 20:24,10.5,Cary,Durham
7/1/2016 23:48,7/2/2016 0:09,9.9,Durham,Cary
7/2/2016 20:18,7/2/2016 20:36,10.1,Cary,Durham
7/2/2016 23:48,7/3/2016 0:12,9.9,Durham,Cary
7/3/2016 0:28,7/3/2016 0:38,3.1,Cary,Morrisville
7/3/2016 3:02,7/3/2016 3:08,3.1,Morrisville,Cary
7/3/2016 20:00,7/3/2016 20:18,9.9,Cary,Durham
7/4/2016 0:32,7/4/2016 0:47,9.9,Durham,Cary
7/4/2016 17:31,7/4/2016 17:49,8.8,Whitebridge,Summerwinds
7/4/2016 18:23,7/4/2016 18:49,8.7,Summerwinds,Whitebridge
7/4/2016 20:00,7/4/2016 20:17,11.8,Cary,Durham
7/5/2016 0:00,7/5/2016 0:05,1.2,Parkwood,Parkwood
7/5/2016 0:08,7/5/2016 0:28,9.9,Durham,Cary
7/5/2016 16:48,7/5/2016 16:52,0.6,Whitebridge,Whitebridge
7/5/2016 20:06,7/5/2016 20:26,9.9,Cary,Durham
7/5/2016 22:41,7/5/2016 23:02,8.6,Durham,Morrisville
7/6/2016 0:33,7/6/2016 0:53,6.3,Morrisville,Cary
7/6/2016 9:06,7/6/2016 9:25,9.9,Cary,Durham
7/6/2016 12:48,7/6/2016 13:08,9.9,Durham,Cary
7/6/2016 20:04,7/6/2016 20:14,3.3,Cary,Morrisville
7/6/2016 23:46,7/6/2016 23:59,3.1,Morrisville,Cary
7/7/2016 8:22,7/7/2016 8:50,7.9,Cary,Morrisville
7/7/2016 10:27,7/7/2016 10:33,8.9,Morrisville,Cary
7/7/2016 12:59,7/7/2016 13:35,12.8,Kenner,New Orleans
7/8/2016 9:50,7/8/2016 10:13,7.7,CBD,Pontchartrain Beach
7/8/2016 10:51,7/8/2016 11:12,7,Pontchartrain Beach,CBD
7/8/2016 13:48,7/8/2016 14:11,12.5,New Orleans,Metairie
7/8/2016 17:11,7/8/2016 17:30,13.2,Kenner,New Orleans
7/9/2016 9:03,7/9/2016 9:46,13,New Orleans,Kenner
7/9/2016 9:52,7/9/2016 10:06,4.9,Kenner,Metairie
7/9/2016 10:15,7/9/2016 10:33,8.5,Metairie,New Orleans
7/10/2016 14:10,7/10/2016 14:17,1.3,CBD,St Thomas
7/10/2016 16:04,7/10/2016 16:15,1.8,St Thomas,CBD
7/10/2016 18:05,7/10/2016 18:21,13.6,New Orleans,Kenner
7/10/2016 19:51,7/10/2016 20:08,13.4,Kenner,New Orleans
7/12/2016 16:10,7/12/2016 16:45,12.3,New Orleans,Kenner
7/12/2016 19:21,7/12/2016 19:26,1.4,Kenner,Kenner
7/12/2016 23:47,7/13/2016 0:11,8.7,Morrisville,Cary
7/13/2016 12:39,7/13/2016 13:20,23.5,Cary,Morrisville
7/13/2016 13:25,7/13/2016 13:39,2.2,Morrisville,Morrisville
7/13/2016 13:42,7/13/2016 13:54,4.4,Morrisville,Cary
7/14/2016 15:51,7/14/2016 15:59,3.3,Cary,Morrisville
7/14/2016 16:03,7/14/2016 16:34,11.8,Morrisville,Morrisville
7/14/2016 16:39,7/14/2016 20:05,195.3,Morrisville,Banner Elk
7/15/2016 11:32,7/15/2016 11:53,8.3,Banner Elk,Banner Elk
7/15/2016 12:09,7/15/2016 12:19,3.2,Banner Elk,Banner Elk
7/15/2016 12:35,7/15/2016 13:15,22.4,Banner Elk,Elk Park
7/15/2016 15:03,7/15/2016 15:33,12.2,Elk Park,Banner Elk
7/15/2016 15:40,7/15/2016 15:52,4.5,Banner Elk,Banner Elk
7/16/2016 13:14,7/16/2016 14:10,28.1,Banner Elk,Newland
7/16/2016 14:14,7/16/2016 14:30,3.8,Newland,Newland
7/16/2016 15:29,7/16/2016 16:57,41.9,Newland,Boone
7/16/2016 19:42,7/16/2016 20:35,23.8,Boone,Banner Elk
7/16/2016 21:45,7/16/2016 22:18,13,Banner Elk,Banner Elk
7/16/2016 22:50,7/16/2016 23:03,4.4,Banner Elk,Banner Elk
7/17/2016 11:23,7/17/2016 11:50,15.1,Banner Elk,Boone
7/17/2016 12:20,7/17/2016 15:25,180.2,Boone,Cary
7/18/2016 10:37,7/18/2016 10:49,4.1,Cary,Morrisville
7/18/2016 10:54,7/18/2016 11:15,6.1,Morrisville,Cary
7/18/2016 11:25,7/18/2016 11:36,3.3,Northwoods,Preston
7/18/2016 11:40,7/18/2016 11:56,4.7,Preston,Whitebridge
7/18/2016 17:12,7/18/2016 17:33,7.2,Cary,Apex
7/18/2016 18:32,7/18/2016 18:47,5.5,Apex,Cary
7/18/2016 19:07,7/18/2016 19:14,3.3,Cary,Morrisville
7/18/2016 20:28,7/18/2016 20:32,0.9,Hazelwood,Weston
7/18/2016 21:11,7/18/2016 21:19,3.8,Morrisville,Cary
7/19/2016 10:35,7/19/2016 10:51,6.4,Whitebridge,Stonewater
7/19/2016 10:56,7/19/2016 11:11,3,Stonewater,Lexington Park at Amberly
7/19/2016 11:30,7/19/2016 12:00,8.7,Lexington Park at Amberly,Whitebridge
7/19/2016 17:14,7/19/2016 17:24,3.9,Whitebridge,Chessington
7/19/2016 17:50,7/19/2016 18:08,4.8,Chessington,Whitebridge
7/20/2016 17:12,7/20/2016 17:24,2.8,Whitebridge,Edgehill Farms
7/20/2016 17:50,7/20/2016 17:57,1.4,Edgehill Farms,Preston
7/20/2016 18:16,7/20/2016 18:20,1.4,Preston,Whitebridge
7/21/2016 17:17,7/21/2016 17:23,2.7,Whitebridge,Edgehill Farms
7/21/2016 17:42,7/21/2016 17:51,2.3,Edgehill Farms,Burtrose
7/21/2016 18:27,7/21/2016 18:42,3.7,Cary,Morrisville
7/21/2016 19:30,7/21/2016 19:39,2.9,Morrisville,Cary
7/22/2016 10:42,7/22/2016 10:53,3.8,Cary,Morrisville
7/22/2016 11:11,7/22/2016 11:25,5.1,Morrisville,Cary
7/22/2016 11:37,7/22/2016 12:00,9.1,Hazelwood,Lexington Park at Amberly
7/22/2016 12:14,7/22/2016 12:31,8,Cary,Durham
7/22/2016 13:21,7/22/2016 13:42,9.9,Durham,Cary
7/22/2016 14:27,7/22/2016 14:43,6.1,Cary,Morrisville
7/22/2016 15:49,7/22/2016 16:22,12.2,Morrisville,Cary
7/22/2016 18:33,7/22/2016 18:51,8,Wayne Ridge,Whitebridge
7/23/2016 14:27,7/23/2016 14:44,4,Cary,Morrisville
7/23/2016 14:48,7/23/2016 15:12,9.5,Morrisville,Cary
7/23/2016 15:15,7/23/2016 15:27,3,Cary,Morrisville
7/23/2016 15:50,7/23/2016 16:10,6.3,Morrisville,Cary
7/23/2016 20:17,7/23/2016 20:33,10.4,Cary,Durham
7/23/2016 23:18,7/23/2016 23:43,9.9,Durham,Cary
7/25/2016 10:35,7/25/2016 10:41,1.5,Whitebridge,Parkway
7/25/2016 10:47,7/25/2016 10:58,4.9,Cary,Morrisville
7/25/2016 11:04,7/25/2016 11:33,7.9,Morrisville,Cary
7/25/2016 11:37,7/25/2016 11:44,1.7,Parkway,Whitebridge
7/26/2016 15:43,7/26/2016 15:49,2.2,Whitebridge,Westpark Place
7/26/2016 17:14,7/26/2016 17:24,2.1,Westpark Place,Whitebridge
7/26/2016 20:52,7/26/2016 21:00,2.5,Cary,Morrisville
7/26/2016 22:31,7/26/2016 22:39,2.5,Morrisville,Cary
7/27/2016 19:08,7/27/2016 19:20,2.8,Cary,Morrisville
7/27/2016 21:34,7/27/2016 21:57,14.7,Morrisville,Raleigh
7/27/2016 22:00,7/27/2016 22:26,14.6,Raleigh,Morrisville
7/28/2016 0:04,7/28/2016 0:09,2.3,Morrisville,Cary
7/29/2016 15:45,7/29/2016 15:47,2.2,Whitebridge,Westpark Place
7/29/2016 17:27,7/29/2016 17:45,2.2,Westpark Place,Whitebridge
7/30/2016 17:02,7/30/2016 17:27,14,Cary,Durham
7/30/2016 21:16,7/30/2016 21:41,13.3,Durham,Cary
7/31/2016 17:30,7/31/2016 17:37,1.8,Westpark Place,Whitebridge
8/1/2016 12:47,8/1/2016 13:04,6.2,Whitebridge,Arlington Park at Amberly
8/1/2016 13:08,8/1/2016 13:19,1.3,Arlington Park at Amberly,Lexington Park at Amberly
8/1/2016 13:28,8/1/2016 13:46,1.9,Lexington Park at Amberly,Westpark Place
8/1/2016 13:52,8/1/2016 14:14,6.9,Cary,Apex
8/1/2016 15:40,8/1/2016 15:47,4.6,Apex,Cary
8/1/2016 16:18,8/1/2016 16:25,2.8,Whitebridge,Edgehill Farms
8/1/2016 16:29,8/1/2016 16:59,9.1,Cary,Morrisville
8/1/2016 17:23,8/1/2016 17:55,8.1,Morrisville,Cary
8/2/2016 8:11,8/2/2016 8:32,8.4,Cary,Morrisville
8/2/2016 11:51,8/2/2016 12:15,4.9,Arlington,Washington
8/2/2016 19:15,8/2/2016 19:23,1,Kalorama Triangle,K Street
8/2/2016 21:23,8/2/2016 21:29,1,K Street,Kalorama Triangle
8/3/2016 12:46,8/3/2016 13:00,2,West End,Northwest Rectangle
8/3/2016 14:59,8/3/2016 15:03,1.1,K Street,Kalorama Triangle
8/3/2016 16:00,8/3/2016 16:04,1.5,Kalorama Triangle,Downtown
8/5/2016 17:23,8/5/2016 17:30,1.3,Connecticut Avenue,Kalorama Triangle
8/5/2016 18:17,8/5/2016 18:21,1.8,Kalorama Triangle,Columbia Heights
8/5/2016 19:17,8/5/2016 19:27,1.5,Columbia Heights,Kalorama Triangle
8/6/2016 6:40,8/6/2016 6:58,6.6,Washington,Arlington
8/6/2016 9:31,8/6/2016 9:53,8,Morrisville,Cary
8/7/2016 17:14,8/7/2016 17:23,2.7,Whitebridge,Edgehill Farms
8/7/2016 17:28,8/7/2016 17:43,2.7,Edgehill Farms,Whitebridge
8/7/2016 18:17,8/7/2016 18:23,2.5,Cary,Morrisville
8/7/2016 20:15,8/7/2016 20:23,2.5,Morrisville,Cary
8/8/2016 16:17,8/8/2016 16:31,5.2,Whitebridge,Farmington Woods
8/8/2016 16:37,8/8/2016 16:50,4,Farmington Woods,Edgehill Farms
8/8/2016 17:02,8/8/2016 17:13,2.7,Edgehill Farms,Whitebridge
8/8/2016 21:50,8/8/2016 22:15,4.8,Cary,Morrisville
8/8/2016 23:28,8/8/2016 23:37,3.2,Morrisville,Cary
8/9/2016 14:20,8/9/2016 14:38,6.9,Whitebridge,Waverly Place
8/9/2016 15:15,8/9/2016 15:36,14.9,Cary,Raleigh
8/9/2016 16:04,8/9/2016 16:37,17.4,Raleigh,Cary
8/10/2016 16:56,8/10/2016 17:24,12.9,Cary,Durham
8/10/2016 17:53,8/10/2016 18:28,15.3,Durham,Apex
8/10/2016 18:49,8/10/2016 18:50,1,Apex,Apex
8/10/2016 19:47,8/10/2016 20:02,6,Apex,Cary
8/11/2016 12:53,8/11/2016 13:00,2.2,Whitebridge,Heritage Pines
8/11/2016 13:14,8/11/2016 13:28,4.4,Heritage Pines,Edgehill Farms
8/11/2016 13:32,8/11/2016 13:42,2.8,Edgehill Farms,Whitebridge
8/11/2016 18:37,8/11/2016 19:29,31.7,Cary,Wake Forest
8/11/2016 20:59,8/11/2016 21:44,31.9,Wake Forest,Cary
8/12/2016 18:49,8/12/2016 18:52,1.9,Whitebridge,Westpark Place
8/12/2016 18:56,8/12/2016 19:05,1.8,Westpark Place,Whitebridge
8/13/2016 15:35,8/13/2016 15:58,8.4,Cary,Morrisville
8/15/2016 9:05,8/15/2016 9:52,15.6,R?walpindi,Unknown Location
8/15/2016 15:20,8/15/2016 15:47,14.1,Unknown Location,Unknown Location
8/15/2016 16:52,8/15/2016 17:30,15.7,Unknown Location,Unknown Location
8/15/2016 19:08,8/15/2016 20:30,25.9,Unknown Location,Unknown Location
8/16/2016 7:58,8/16/2016 8:11,7.9,Unknown Location,Unknown Location
8/16/2016 8:16,8/16/2016 8:23,2.7,Unknown Location,Unknown Location
8/16/2016 8:46,8/16/2016 8:53,5.5,Unknown Location,Unknown Location
8/16/2016 10:06,8/16/2016 10:27,5.7,Unknown Location,Islamabad
8/16/2016 10:31,8/16/2016 10:38,1.2,Islamabad,Islamabad
8/16/2016 11:47,8/16/2016 12:03,5.7,Islamabad,Unknown Location
8/16/2016 15:13,8/16/2016 15:36,16.2,Unknown Location,Unknown Location
8/17/2016 10:17,8/17/2016 10:41,2.6,Unknown Location,Unknown Location
8/17/2016 10:57,8/17/2016 11:20,12.1,Unknown Location,Unknown Location
8/17/2016 14:45,8/17/2016 14:50,1.4,Unknown Location,R?walpindi
8/17/2016 15:32,8/17/2016 15:47,6.4,R?walpindi,Islamabad
8/17/2016 16:29,8/17/2016 16:50,7.3,Islamabad,Unknown Location
8/17/2016 16:54,8/17/2016 17:00,5.3,Unknown Location,Unknown Location
8/17/2016 17:05,8/17/2016 17:34,5.5,Unknown Location,Unknown Location
8/17/2016 18:38,8/17/2016 18:57,7.7,Unknown Location,Unknown Location
8/18/2016 18:40,8/18/2016 19:07,7.6,Unknown Location,Unknown Location
8/19/2016 8:24,8/19/2016 8:45,7.6,Unknown Location,Noorpur Shahan
8/19/2016 8:54,8/19/2016 9:07,3.3,Noorpur Shahan,Islamabad
8/19/2016 9:27,8/19/2016 9:47,6.5,Islamabad,R?walpindi
8/19/2016 10:57,8/19/2016 11:06,2,R?walpindi,Unknown Location
8/19/2016 12:07,8/19/2016 12:24,5.7,Unknown Location,Islamabad
8/19/2016 15:51,8/19/2016 16:06,3.2,Islamabad,Islamabad
8/19/2016 17:12,8/19/2016 17:52,12.5,Islamabad,Unknown Location
8/21/2016 10:00,8/21/2016 10:29,7.6,Unknown Location,Unknown Location
8/21/2016 14:05,8/21/2016 14:34,7.7,Unknown Location,Unknown Location
8/21/2016 16:30,8/21/2016 17:02,12.2,Unknown Location,Islamabad
8/21/2016 18:10,8/21/2016 18:17,1.4,Islamabad,Islamabad
8/21/2016 18:48,8/21/2016 19:24,20.2,Islamabad,Unknown Location
8/22/2016 10:00,8/22/2016 10:44,9.8,Unknown Location,Islamabad
8/22/2016 11:07,8/22/2016 11:23,6.3,Islamabad,Unknown Location
8/22/2016 12:36,8/22/2016 12:49,4.9,Unknown Location,Islamabad
8/22/2016 13:02,8/22/2016 13:11,1.5,Islamabad,Islamabad
8/22/2016 14:07,8/22/2016 14:31,10.9,Islamabad,Unknown Location
8/22/2016 15:14,8/22/2016 15:49,19,Unknown Location,Unknown Location
8/22/2016 15:59,8/22/2016 17:16,19,Unknown Location,Unknown Location
8/22/2016 19:58,8/22/2016 20:50,7.9,Unknown Location,R?walpindi
8/22/2016 20:53,8/22/2016 21:31,4.1,R?walpindi,R?walpindi
8/22/2016 22:31,8/22/2016 23:00,18.7,R?walpindi,Unknown Location
8/23/2016 8:10,8/23/2016 8:25,8.7,Unknown Location,Noorpur Shahan
8/23/2016 9:35,8/23/2016 10:09,7.5,Noorpur Shahan,Unknown Location
8/23/2016 12:59,8/23/2016 13:15,7.7,Unknown Location,Noorpur Shahan
8/23/2016 13:19,8/23/2016 13:30,4.4,Noorpur Shahan,Islamabad
8/23/2016 13:49,8/23/2016 14:04,5,Islamabad,Unknown Location
8/23/2016 15:07,8/23/2016 15:12,1.9,Unknown Location,Unknown Location
8/23/2016 15:15,8/23/2016 17:16,7.9,Unknown Location,Unknown Location
8/23/2016 17:42,8/23/2016 18:31,17.7,Unknown Location,Unknown Location
8/24/2016 12:05,8/24/2016 12:56,25.2,Unknown Location,Unknown Location
8/24/2016 13:01,8/24/2016 15:25,96.2,Unknown Location,Unknown Location
8/25/2016 15:17,8/25/2016 16:22,35,Unknown Location,Unknown Location
8/25/2016 16:36,8/25/2016 16:56,5.5,Unknown Location,Unknown Location
8/25/2016 17:19,8/25/2016 19:20,50.4,Unknown Location,Unknown Location
8/25/2016 19:25,8/25/2016 19:57,9.2,Unknown Location,Lahore
8/25/2016 22:58,8/25/2016 23:16,7.3,Lahore,Unknown Location
8/26/2016 9:06,8/26/2016 9:20,5,Unknown Location,Unknown Location
8/26/2016 11:14,8/26/2016 11:26,3.8,Unknown Location,Unknown Location
8/26/2016 12:10,8/26/2016 12:20,3.9,Unknown Location,Lahore
8/26/2016 14:10,8/26/2016 14:33,7.4,Lahore,Lahore
8/26/2016 15:23,8/26/2016 15:35,1.5,Lahore,Lahore
8/26/2016 15:59,8/26/2016 16:24,7.9,Lahore,Unknown Location
8/26/2016 16:55,8/26/2016 17:12,2.9,Unknown Location,Lahore
8/26/2016 18:42,8/26/2016 18:56,3.4,Lahore,Lahore
8/26/2016 19:31,8/26/2016 19:54,3.8,Lahore,Lahore
8/26/2016 20:06,8/26/2016 20:16,5.9,Lahore,Unknown Location
8/27/2016 9:34,8/27/2016 10:11,9.6,Unknown Location,Lahore
8/27/2016 11:47,8/27/2016 12:06,7,Lahore,Lahore
8/27/2016 12:12,8/27/2016 12:17,0.9,Lahore,Lahore
8/27/2016 14:01,8/27/2016 15:44,86.6,Lahore,Unknown Location
8/27/2016 16:15,8/27/2016 19:13,156.9,Unknown Location,Unknown Location
8/28/2016 9:57,8/28/2016 10:18,10.1,Unknown Location,Noorpur Shahan
8/28/2016 16:39,8/28/2016 16:55,6.2,Noorpur Shahan,Islamabad
8/28/2016 17:37,8/28/2016 17:55,5.3,Islamabad,Islamabad
8/28/2016 21:15,8/28/2016 21:59,12.1,Islamabad,Unknown Location
8/29/2016 12:02,8/29/2016 12:31,10.8,Unknown Location,Islamabad
8/29/2016 13:38,8/29/2016 13:48,4.3,Islamabad,Islamabad
8/29/2016 14:31,8/29/2016 14:41,2.5,Islamabad,Islamabad
8/29/2016 14:49,8/29/2016 15:04,5.7,Islamabad,Unknown Location
8/29/2016 15:49,8/29/2016 15:59,2.8,Unknown Location,Islamabad
8/29/2016 16:06,8/29/2016 16:21,4,Islamabad,Unknown Location
8/29/2016 17:24,8/29/2016 17:41,5.5,Unknown Location,Islamabad
8/29/2016 18:27,8/29/2016 18:36,2.6,Islamabad,Islamabad
8/30/2016 11:53,8/30/2016 12:05,2.1,Unknown Location,Unknown Location
8/30/2016 12:46,8/30/2016 13:09,8.8,Unknown Location,Islamabad
8/30/2016 13:25,8/30/2016 13:46,4.4,Islamabad,Islamabad
8/30/2016 14:00,8/30/2016 14:20,5.3,Islamabad,Unknown Location
8/30/2016 17:27,8/30/2016 18:09,13,Unknown Location,Unknown Location
9/1/2016 11:51,9/1/2016 12:24,13,Unknown Location,Islamabad
9/1/2016 17:21,9/1/2016 17:36,10.6,Islamabad,Unknown Location
9/1/2016 18:49,9/1/2016 19:08,2.2,Unknown Location,Unknown Location
9/2/2016 11:37,9/2/2016 12:24,9.2,Unknown Location,Islamabad
9/2/2016 18:56,9/2/2016 19:37,12.9,Unknown Location,Unknown Location
9/5/2016 10:25,9/5/2016 10:44,17.2,Unknown Location,R?walpindi
9/6/2016 17:49,9/6/2016 17:49,69.1,Unknown Location,Unknown Location
9/10/2016 10:28,9/10/2016 10:45,2.8,Unknown Location,Unknown Location
9/11/2016 9:51,9/11/2016 9:55,8.6,Unknown Location,Unknown Location
9/11/2016 21:40,9/11/2016 21:42,9.8,Unknown Location,Unknown Location
9/12/2016 8:07,9/12/2016 8:12,3.6,Unknown Location,Unknown Location
9/12/2016 11:15,9/12/2016 11:24,1.7,Unknown Location,Unknown Location
9/12/2016 13:04,9/12/2016 13:44,11.5,Unknown Location,Unknown Location
9/13/2016 16:56,9/13/2016 17:02,0.7,Unknown Location,Unknown Location
9/14/2016 11:55,9/14/2016 11:59,0.7,Unknown Location,Unknown Location
9/15/2016 20:33,9/15/2016 20:38,0.9,Unknown Location,Unknown Location
9/16/2016 7:08,9/16/2016 7:08,1.6,Unknown Location,Unknown Location
9/18/2016 18:07,9/18/2016 18:11,9.4,Unknown Location,Unknown Location
9/19/2016 6:18,9/19/2016 6:49,18.2,R?walpindi,Unknown Location
9/19/2016 14:40,9/19/2016 14:56,10.5,Unknown Location,Islamabad
9/19/2016 16:23,9/19/2016 16:31,5.7,Islamabad,Unknown Location
9/19/2016 17:36,9/19/2016 18:20,18,Unknown Location,Unknown Location
9/19/2016 19:10,9/19/2016 19:49,18.3,Unknown Location,Islamabad
9/20/2016 11:29,9/20/2016 11:48,16.5,Islamabad,Unknown Location
9/20/2016 20:47,9/20/2016 22:47,9.6,Unknown Location,R?walpindi
9/23/2016 13:15,9/23/2016 13:40,2.9,Karachi,Karachi
9/24/2016 14:34,9/24/2016 15:15,8.2,Karachi,Unknown Location
9/24/2016 20:29,9/24/2016 20:33,2.4,Unknown Location,Unknown Location
9/27/2016 8:33,9/27/2016 8:35,5.8,Unknown Location,Unknown Location
9/27/2016 13:21,9/27/2016 14:43,9.8,Lahore,Lahore
9/27/2016 19:14,9/27/2016 20:34,7.3,Lahore,Unknown Location
9/27/2016 21:01,9/28/2016 2:37,195.6,Unknown Location,Unknown Location
9/28/2016 17:21,9/28/2016 19:36,20.5,Islamabad,Unknown Location
9/29/2016 16:13,9/29/2016 18:47,12.6,Unknown Location,Islamabad
9/30/2016 17:39,9/30/2016 20:20,37.7,Islamabad,Islamabad
9/30/2016 20:59,9/30/2016 22:34,16.7,Islamabad,Unknown Location
10/3/2016 17:09,10/3/2016 17:12,10.5,Unknown Location,Islamabad
10/3/2016 18:17,10/3/2016 18:34,2.8,Islamabad,Islamabad
10/3/2016 18:51,10/3/2016 19:01,1.6,Islamabad,Islamabad
10/3/2016 22:04,10/3/2016 22:33,12.7,Islamabad,Unknown Location
10/4/2016 9:50,10/4/2016 10:52,28.6,Unknown Location,Unknown Location
10/4/2016 12:17,10/4/2016 12:18,15.1,Unknown Location,Unknown Location
10/6/2016 8:49,10/6/2016 11:36,17.9,Unknown Location,R?walpindi
10/6/2016 17:23,10/6/2016 17:40,112.6,R?walpindi,Unknown Location
10/6/2016 18:37,10/6/2016 18:39,18.4,Unknown Location,Unknown Location
10/6/2016 19:46,10/6/2016 20:26,13.8,Unknown Location,Unknown Location
10/7/2016 10:56,10/7/2016 10:59,33.2,Unknown Location,Lahore
10/7/2016 11:27,10/7/2016 11:50,2.6,Lahore,Lahore
10/7/2016 13:52,10/7/2016 14:08,5.8,Lahore,Unknown Location
10/7/2016 14:29,10/7/2016 15:11,8.3,Unknown Location,Lahore
10/7/2016 15:47,10/7/2016 16:02,2.4,Lahore,Lahore
10/7/2016 18:08,10/7/2016 18:27,3.1,Lahore,Lahore
10/7/2016 18:33,10/7/2016 19:01,6.1,Lahore,Lahore
10/8/2016 15:03,10/8/2016 15:03,3.6,Karachi,Karachi
10/8/2016 18:15,10/8/2016 18:18,8,Karachi,Unknown Location
10/9/2016 14:04,10/9/2016 14:23,7.7,Unknown Location,Unknown Location
10/10/2016 17:22,10/10/2016 17:28,1.7,Islamabad,Islamabad
10/10/2016 17:33,10/10/2016 18:13,9.5,Islamabad,Unknown Location
10/11/2016 1:27,10/11/2016 2:08,17.1,Unknown Location,R?walpindi
10/12/2016 19:18,10/12/2016 19:21,18.4,R?walpindi,Unknown Location
10/13/2016 11:20,10/13/2016 11:58,9.8,Unknown Location,Islamabad
10/13/2016 12:08,10/13/2016 12:14,1,Islamabad,Islamabad
10/13/2016 13:02,10/13/2016 13:02,0.7,Islamabad,Islamabad
10/13/2016 13:37,10/13/2016 13:46,2.3,Islamabad,Islamabad
10/13/2016 16:08,10/13/2016 16:53,10.9,Islamabad,Unknown Location
10/14/2016 8:50,10/14/2016 9:44,12.7,Unknown Location,R?walpindi
10/14/2016 10:16,10/14/2016 10:52,12.4,R?walpindi,Unknown Location
10/14/2016 15:56,10/14/2016 16:20,3.8,Unknown Location,Unknown Location
10/14/2016 23:54,10/15/2016 2:06,17,Unknown Location,R?walpindi
10/15/2016 22:28,10/15/2016 22:48,6.2,Morrisville,Morrisville
10/16/2016 0:01,10/16/2016 0:14,3.1,Morrisville,Cary
10/16/2016 12:52,10/16/2016 13:11,10.5,Cary,Durham
10/16/2016 14:40,10/16/2016 15:01,8.1,Durham,Morrisville
10/16/2016 15:10,10/16/2016 15:19,3.1,Morrisville,Cary
10/16/2016 19:27,10/16/2016 19:33,2.1,Whitebridge,Parkway
10/16/2016 20:30,10/16/2016 20:39,4.3,Cary,Morrisville
10/16/2016 21:34,10/16/2016 21:41,2.5,Morrisville,Cary
10/17/2016 15:19,10/17/2016 15:57,20.6,Cary,Raleigh
10/17/2016 16:29,10/17/2016 17:11,17.6,Raleigh,Cary
10/17/2016 18:02,10/17/2016 18:16,5.6,Cary,Apex
10/17/2016 18:31,10/17/2016 18:45,3.3,Apex,Apex
10/17/2016 19:08,10/17/2016 19:25,5.3,Apex,Cary
10/18/2016 8:12,10/18/2016 8:22,3.3,Whitebridge,Edgehill Farms
10/18/2016 8:53,10/18/2016 9:02,3.3,Edgehill Farms,Whitebridge
10/18/2016 10:41,10/18/2016 11:09,7.9,Cary,Morrisville
10/18/2016 18:12,10/18/2016 18:33,13,Oakland,Emeryville
10/18/2016 19:03,10/18/2016 19:13,3,Emeryville,Berkeley
10/18/2016 20:31,10/18/2016 20:37,3,Berkeley,Emeryville
10/19/2016 9:33,10/19/2016 9:47,3.8,Emeryville,Oakland
10/19/2016 9:54,10/19/2016 10:21,9.5,Oakland,San Francisco
10/19/2016 13:45,10/19/2016 13:56,1.7,SOMISSPO,French Quarter
10/19/2016 14:02,10/19/2016 14:31,10.8,San Francisco,Berkeley
10/19/2016 15:44,10/19/2016 16:02,4.1,West Berkeley,North Berkeley Hills
10/19/2016 16:06,10/19/2016 16:19,2.2,North Berkeley Hills,Southside
10/19/2016 16:33,10/19/2016 17:01,4.6,Berkeley,Emeryville
10/20/2016 11:26,10/20/2016 11:34,3.1,Emeryville,Berkeley
10/20/2016 12:19,10/20/2016 13:17,47.7,Berkeley,San Jose
10/20/2016 20:44,10/20/2016 21:37,44.6,San Jose,Emeryville
10/21/2016 10:06,10/21/2016 10:21,13.2,Emeryville,Oakland
10/22/2016 0:54,10/22/2016 1:09,8.7,Morrisville,Cary
10/22/2016 13:26,10/22/2016 14:03,17.2,Cary,Raleigh
10/22/2016 17:08,10/22/2016 17:55,14,Raleigh,Cary
10/23/2016 9:24,10/23/2016 10:05,28.1,Cary,Raleigh
10/23/2016 12:17,10/23/2016 12:59,28.2,Raleigh,Cary
10/23/2016 19:04,10/23/2016 19:14,3.1,Cary,Morrisville
10/23/2016 21:10,10/23/2016 21:25,3.1,Morrisville,Cary
10/24/2016 14:57,10/24/2016 15:26,16.4,Cary,Durham
10/24/2016 15:33,10/24/2016 16:13,15.4,Durham,Morrisville
10/24/2016 16:34,10/24/2016 16:41,2.2,Morrisville,Cary
10/25/2016 13:27,10/25/2016 14:08,11.2,Cary,Apex
10/25/2016 15:04,10/25/2016 15:11,2.2,Apex,Eagle Rock
10/25/2016 15:16,10/25/2016 15:33,3.6,Eagle Rock,Cary
10/25/2016 20:00,10/25/2016 20:11,3.6,Whitebridge,Savon Height
10/25/2016 20:54,10/25/2016 21:03,4.9,Savon Height,Parkway
10/25/2016 22:24,10/25/2016 22:45,8.7,Parkway,Whitebridge
10/26/2016 19:25,10/26/2016 19:31,2.1,Whitebridge,Parkway
10/26/2016 20:53,10/26/2016 21:03,2.1,Parkway,Whitebridge
10/27/2016 18:51,10/27/2016 19:16,8.4,Cary,Morrisville
10/27/2016 19:20,10/27/2016 19:35,5.9,Morrisville,Morrisville
10/27/2016 19:52,10/27/2016 20:21,12.1,Huntington Woods,Huntington Woods
10/27/2016 20:47,10/27/2016 20:54,3.9,Huntington Woods,Weston
10/27/2016 21:26,10/27/2016 21:48,6.2,Morrisville,Cary
10/28/2016 11:34,10/28/2016 11:52,10.4,Cary,Durham
10/28/2016 13:06,10/28/2016 13:36,9.9,Durham,Cary
10/28/2016 15:53,10/28/2016 17:59,107,Cary,Winston Salem
10/28/2016 18:13,10/28/2016 20:07,133.6,Winston Salem,Asheville
10/28/2016 20:13,10/28/2016 22:00,91.8,Asheville,Topton
10/29/2016 15:22,10/29/2016 17:05,40.7,Topton,Hayesville
10/29/2016 17:13,10/29/2016 19:19,75.7,Hayesville,Topton
10/30/2016 7:49,10/30/2016 8:30,29.8,Topton,Bryson City
10/30/2016 9:07,10/30/2016 10:09,16.3,Bryson City,Bryson City
10/30/2016 10:11,10/30/2016 10:38,6.5,Bryson City,Bryson City
10/30/2016 10:51,10/30/2016 11:21,6.3,Bryson City,Bryson City
10/30/2016 12:24,10/30/2016 12:35,6.6,Bryson City,Almond
10/30/2016 12:58,10/30/2016 13:18,15.2,Almond,Bryson City
10/30/2016 13:24,10/30/2016 14:37,68.4,Bryson City,Asheville
10/30/2016 15:22,10/30/2016 18:23,195.9,Asheville,Mebane
10/30/2016 18:26,10/30/2016 19:39,45.2,Mebane,Cary
10/31/2016 18:11,10/31/2016 18:20,3.2,Cary,Morrisville
10/31/2016 18:47,10/31/2016 19:16,10.3,Morrisville,Raleigh
10/31/2016 20:18,10/31/2016 20:44,13.1,Raleigh,Cary
10/31/2016 21:45,10/31/2016 22:10,9.6,Savon Height,Whitebridge
11/1/2016 11:50,11/1/2016 12:27,16.5,Cary,Durham
11/1/2016 16:29,11/1/2016 17:02,12.8,Durham,Cary
11/1/2016 17:35,11/1/2016 17:42,1.2,Whitebridge,Whitebridge
11/1/2016 19:14,11/1/2016 19:20,1,Whitebridge,Whitebridge
11/1/2016 19:59,11/1/2016 20:12,4.1,Whitebridge,Whitebridge
11/1/2016 20:41,11/1/2016 20:55,4.2,Whitebridge,Whitebridge
11/2/2016 15:10,11/2/2016 15:18,1.4,Whitebridge,Westpark Place
11/2/2016 15:45,11/2/2016 15:52,1.8,Westpark Place,Whitebridge
11/2/2016 16:46,11/2/2016 17:11,8.5,Cary,Morrisville
11/2/2016 17:34,11/2/2016 17:49,5,Morrisville,Morrisville
11/2/2016 17:53,11/2/2016 18:00,3.8,Morrisville,Cary
11/3/2016 11:28,11/3/2016 11:34,2.5,Whitebridge,Hazelwood
11/3/2016 12:43,11/3/2016 12:49,2.4,Hazelwood,Whitebridge
11/3/2016 13:42,11/3/2016 13:47,1.4,Whitebridge,Westpark Place
11/3/2016 14:13,11/3/2016 14:26,1.8,Westpark Place,Whitebridge
11/3/2016 18:51,11/3/2016 19:08,3.1,Cary,Morrisville
11/3/2016 22:46,11/3/2016 22:58,3.1,Morrisville,Cary
11/4/2016 10:02,11/4/2016 10:18,7.9,Cary,Morrisville
11/4/2016 18:14,11/4/2016 18:21,3.8,San Jose,Santa Clara
11/4/2016 21:04,11/4/2016 21:20,4.3,Agnew,Cory
11/4/2016 22:12,11/4/2016 22:25,3.9,Cory,Agnew
11/5/2016 8:34,11/5/2016 8:43,2.2,Agnew,Renaissance
11/5/2016 17:29,11/5/2016 17:40,2.8,Renaissance,Agnew
11/5/2016 19:20,11/5/2016 19:28,2.2,Agnew,Agnew
11/6/2016 10:50,11/6/2016 11:04,2.4,Agnew,Renaissance
11/6/2016 16:05,11/6/2016 16:22,2.8,Renaissance,Agnew
11/6/2016 16:27,11/6/2016 17:28,43.9,Santa Clara,Berkeley
11/6/2016 19:04,11/6/2016 19:12,1.8,Downtown,West Berkeley
11/6/2016 20:06,11/6/2016 20:21,3.3,West Berkeley,Central
11/7/2016 12:28,11/7/2016 12:57,11.8,Berkeley,San Francisco
11/7/2016 19:17,11/7/2016 19:57,13.2,San Francisco,Berkeley
11/8/2016 10:29,11/8/2016 10:57,12.2,Berkeley,San Francisco
11/8/2016 12:16,11/8/2016 12:49,11.3,San Francisco,Berkeley
11/8/2016 13:41,11/8/2016 14:01,3.6,Berkeley,Emeryville
11/8/2016 16:21,11/8/2016 16:34,3,Emeryville,Berkeley
11/9/2016 13:08,11/9/2016 13:41,11.4,Berkeley,San Francisco
11/9/2016 15:58,11/9/2016 16:04,0.9,NOMA,Downtown
11/9/2016 17:31,11/9/2016 18:03,6.2,Downtown,Sunnyside
11/9/2016 18:09,11/9/2016 18:14,0.7,Sunnyside,Ingleside
11/9/2016 18:21,11/9/2016 18:35,5.5,Ingleside,Potrero Flats
11/9/2016 18:40,11/9/2016 19:17,12.7,San Francisco,Oakland
11/9/2016 20:52,11/9/2016 21:02,2.6,Oakland,Berkeley
11/9/2016 21:56,11/9/2016 22:02,1.1,Central,Central
11/10/2016 9:46,11/10/2016 10:15,12.6,Berkeley,San Francisco
11/10/2016 10:20,11/10/2016 10:31,1.2,Tenderloin,SOMISSPO
11/10/2016 14:57,11/10/2016 15:07,1.1,SOMISSPO,Tenderloin
11/10/2016 15:17,11/10/2016 15:22,9.9,San Francisco,Oakland
11/10/2016 15:30,11/10/2016 15:53,6,Oakland,Berkeley
11/10/2016 19:18,11/10/2016 19:21,0.8,West Berkeley,Central
11/11/2016 9:35,11/11/2016 10:23,45.9,Berkeley,Menlo Park
11/11/2016 12:58,11/11/2016 13:13,4,Menlo Park,Palo Alto
11/11/2016 14:20,11/11/2016 14:32,2.5,Palo Alto,Menlo Park
11/11/2016 14:39,11/11/2016 15:46,36.6,Menlo Park,Berkeley
11/11/2016 18:30,11/11/2016 18:43,2.9,Central,College Avenue
11/11/2016 21:08,11/11/2016 21:18,2.6,College Avenue,Central
11/12/2016 10:32,11/12/2016 10:52,2.3,Central,South
11/12/2016 10:55,11/12/2016 11:25,6.4,South,Downtown
11/12/2016 13:07,11/12/2016 13:15,1.4,Downtown,Central
11/12/2016 13:46,11/12/2016 13:50,0.6,Central,West Berkeley
11/12/2016 14:22,11/12/2016 14:53,5.9,West Berkeley,South
11/12/2016 15:14,11/12/2016 15:21,0.8,South,Southwest Berkeley
11/12/2016 15:25,11/12/2016 15:36,1.3,Berkeley,Emeryville
11/12/2016 15:40,11/12/2016 15:59,3.7,Emeryville,Berkeley
11/13/2016 8:54,11/13/2016 9:02,2.3,Central,Central
11/13/2016 9:27,11/13/2016 9:53,2.6,Central,Central
11/13/2016 10:31,11/13/2016 10:37,1.9,Central,Southside
11/13/2016 11:04,11/13/2016 11:16,2.1,Southside,West Berkeley
11/13/2016 12:22,11/13/2016 12:51,4,West Berkeley,Southside
11/13/2016 13:05,11/13/2016 13:11,0.9,Southside,South Berkeley
11/13/2016 13:14,11/13/2016 13:18,0.9,South Berkeley,Southside
11/13/2016 14:35,11/13/2016 14:46,2.4,Southside,Central
11/13/2016 15:14,11/13/2016 15:24,1.9,Central,Southside
11/13/2016 15:47,11/13/2016 15:59,1.9,Southside,Central
11/14/2016 11:24,11/14/2016 12:13,44.6,Berkeley,Mountain View
11/14/2016 13:40,11/14/2016 14:33,43.6,Mountain View,Berkeley
11/14/2016 15:27,11/14/2016 15:36,2.5,Berkeley,Emeryville
11/14/2016 20:19,11/14/2016 20:30,3.7,Emeryville,Berkeley
11/15/2016 13:59,11/15/2016 14:06,5.1,Berkeley,Oakland
11/15/2016 14:09,11/15/2016 14:26,9.7,Oakland,San Francisco
11/15/2016 20:44,11/15/2016 21:00,11.8,San Francisco,Berkeley
11/16/2016 20:21,11/16/2016 20:27,2.3,Berkeley,El Cerrito
11/16/2016 22:52,11/16/2016 23:02,3.1,El Cerrito,Berkeley
11/17/2016 10:13,11/17/2016 10:44,16.3,Berkeley,Oakland
11/18/2016 20:09,11/18/2016 20:19,3.1,Cary,Morrisville
11/18/2016 21:23,11/18/2016 21:34,5.2,Morrisville,Cary
11/18/2016 21:56,11/18/2016 22:21,6.1,Krendle Woods,Whitebridge
11/19/2016 13:51,11/19/2016 14:10,10.3,Cary,Durham
11/19/2016 14:30,11/19/2016 14:51,10.5,Durham,Cary
11/19/2016 16:01,11/19/2016 16:06,1.5,Cary,Cary
11/19/2016 16:27,11/19/2016 16:41,1.8,Cary,Cary
11/19/2016 17:41,11/19/2016 17:54,5.4,Cary,Apex
11/19/2016 21:14,11/19/2016 21:35,5.4,Apex,Cary
11/20/2016 10:27,11/20/2016 11:32,39.2,Cary,Cary
11/20/2016 11:58,11/20/2016 12:28,6.4,Cary,Cary
11/20/2016 14:58,11/20/2016 15:07,2.7,Cary,Cary
11/20/2016 17:45,11/20/2016 18:37,18.5,Cary,Cary
11/21/2016 13:37,11/21/2016 13:49,2.5,Cary,Cary
11/21/2016 14:34,11/21/2016 14:44,2.1,Cary,Cary
11/21/2016 17:50,11/21/2016 18:04,6.7,Cary,Unknown Location
11/21/2016 18:18,11/21/2016 18:27,3.5,Unknown Location,Morrisville
11/21/2016 18:43,11/21/2016 18:51,3.4,Morrisville,Cary
11/22/2016 15:12,11/22/2016 15:27,5.5,Cary,Cary
11/22/2016 15:31,11/22/2016 15:44,4.1,Cary,Cary
11/22/2016 15:51,11/22/2016 16:43,12.7,Cary,Cary
11/22/2016 18:18,11/22/2016 18:28,3,Cary,Morrisville
11/22/2016 21:02,11/22/2016 21:14,3.5,Morrisville,Cary
11/23/2016 15:34,11/23/2016 15:50,5.9,Cary,Cary
11/23/2016 16:18,11/23/2016 16:29,1.9,Cary,Cary
11/23/2016 16:49,11/23/2016 17:00,3.3,Cary,Cary
11/23/2016 18:37,11/23/2016 18:47,1.3,Cary,Cary
11/25/2016 11:47,11/25/2016 12:04,10.3,Cary,Durham
11/25/2016 13:13,11/25/2016 13:31,11.1,Durham,Cary
11/26/2016 15:54,11/26/2016 15:59,1.4,Cary,Cary
11/26/2016 17:00,11/26/2016 17:12,5.1,Cary,Apex
11/26/2016 17:36,11/26/2016 17:56,9,Apex,Holly Springs
11/26/2016 18:29,11/26/2016 19:04,13.3,Holly Springs,Cary
11/26/2016 19:47,11/26/2016 19:54,2.5,Cary,Cary
11/27/2016 15:59,11/27/2016 16:06,3.3,Cary,Morrisville
11/27/2016 18:55,11/27/2016 19:09,2.9,Morrisville,Cary
11/30/2016 11:03,11/30/2016 11:34,8.5,Cary,Raleigh
11/30/2016 11:53,11/30/2016 12:35,6.7,Raleigh,Morrisville
11/30/2016 12:43,11/30/2016 12:53,3.1,Morrisville,Cary
12/1/2016 7:44,12/1/2016 7:59,5.5,Cary,Cary
12/1/2016 8:37,12/1/2016 8:53,5.5,Cary,Cary
12/1/2016 18:00,12/1/2016 18:12,2.9,Cary,Morrisville
12/1/2016 20:36,12/1/2016 20:46,2.9,Morrisville,Cary
12/2/2016 12:12,12/2/2016 12:23,5.1,Cary,Apex
12/2/2016 13:07,12/2/2016 13:22,5.3,Apex,Cary
12/2/2016 20:41,12/2/2016 20:48,3.3,Cary,Morrisville
12/2/2016 22:59,12/2/2016 23:07,3,Morrisville,Cary
12/3/2016 18:35,12/3/2016 18:56,6.6,Cary,Wake Co.
12/3/2016 19:08,12/3/2016 19:15,1.8,Wake Co.,Morrisville
12/3/2016 20:31,12/3/2016 20:41,3,Morrisville,Cary
12/4/2016 18:56,12/4/2016 19:03,2.9,Cary,Morrisville
12/4/2016 20:23,12/4/2016 20:34,3.4,Morrisville,Cary
12/5/2016 18:04,12/5/2016 18:17,4.1,Cary,Cary
12/5/2016 19:22,12/5/2016 19:37,3.8,Cary,Cary
12/7/2016 12:03,12/7/2016 12:32,6.6,Cary,Cary
12/7/2016 12:35,12/7/2016 12:46,4,Cary,Cary
12/7/2016 19:53,12/7/2016 20:13,7,Cary,Cary
12/7/2016 21:13,12/7/2016 21:50,6.9,Cary,Cary
12/8/2016 14:19,12/8/2016 14:32,3.4,Cary,Cary
12/8/2016 14:53,12/8/2016 15:02,3.4,Cary,Cary
12/8/2016 19:22,12/8/2016 19:27,2,Cary,Cary
12/8/2016 21:26,12/8/2016 21:31,2,Cary,Cary
12/9/2016 12:09,12/9/2016 12:24,5.1,Cary,Apex
12/9/2016 13:15,12/9/2016 13:43,8.8,Apex,Cary
12/9/2016 20:11,12/9/2016 20:34,5.6,Cary,Cary
12/9/2016 22:03,12/9/2016 22:57,18.9,Cary,Cary
12/10/2016 12:43,12/10/2016 13:16,15.6,Cary,Fuquay-Varina
12/10/2016 14:42,12/10/2016 15:18,15.6,Fuquay-Varina,Cary
12/10/2016 18:17,12/10/2016 18:27,3,Cary,Morrisville
12/10/2016 22:09,12/10/2016 22:21,3.1,Morrisville,Cary
12/11/2016 16:06,12/11/2016 16:16,3,Cary,Morrisville
12/11/2016 19:05,12/11/2016 19:15,4.8,Morrisville,Cary
12/11/2016 21:48,12/11/2016 21:56,2.1,Cary,Cary
12/12/2016 13:22,12/12/2016 13:32,3.1,Cary,Cary
12/12/2016 13:36,12/12/2016 13:51,4.4,Cary,Apex
12/12/2016 14:26,12/12/2016 14:39,4.7,Apex,Cary
12/12/2016 17:51,12/12/2016 18:01,3,Cary,Morrisville
12/12/2016 20:48,12/12/2016 20:57,3,Morrisville,Cary
12/13/2016 18:19,12/13/2016 18:29,4.2,Cary,Cary
12/13/2016 20:20,12/13/2016 20:29,4.1,Cary,Cary
12/14/2016 16:52,12/14/2016 17:10,3.4,Cary,Cary
12/14/2016 17:22,12/14/2016 17:34,3.3,Cary,Cary
12/14/2016 17:50,12/14/2016 18:00,3,Cary,Morrisville
12/14/2016 20:24,12/14/2016 20:40,3.1,Morrisville,Cary
12/15/2016 14:20,12/15/2016 14:54,10.6,Cary,Morrisville
12/17/2016 15:38,12/17/2016 16:12,4.8,Unknown Location,Unknown Location
12/17/2016 17:19,12/17/2016 17:59,5.3,Unknown Location,Unknown Location
12/18/2016 13:03,12/18/2016 13:41,4.9,Unknown Location,Unknown Location
12/18/2016 16:38,12/18/2016 17:25,10.2,Unknown Location,Unknown Location
12/18/2016 20:35,12/18/2016 21:04,9.2,Unknown Location,Unknown Location
12/19/2016 9:08,12/19/2016 9:36,7.7,Unknown Location,Islamabad
12/19/2016 10:15,12/19/2016 10:34,5.9,Islamabad,Rawalpindi
12/19/2016 13:04,12/19/2016 13:08,0.7,Rawalpindi,Unknown Location
12/19/2016 13:24,12/19/2016 13:35,1.3,Unknown Location,Unknown Location
12/19/2016 14:07,12/19/2016 14:15,2.5,Unknown Location,Unknown Location
12/19/2016 14:18,12/19/2016 14:32,5.3,Unknown Location,Unknown Location
12/19/2016 14:37,12/19/2016 14:50,5.4,Unknown Location,Unknown Location
12/19/2016 15:09,12/19/2016 15:38,10.2,Unknown Location,Rawalpindi
12/19/2016 16:50,12/19/2016 17:09,7.2,Rawalpindi,Islamabad
12/19/2016 19:05,12/19/2016 19:17,2.2,Islamabad,Unknown Location
12/19/2016 19:55,12/19/2016 20:30,11,Unknown Location,Unknown Location
12/20/2016 8:49,12/20/2016 9:24,12,Unknown Location,Rawalpindi
12/20/2016 10:30,12/20/2016 10:48,3.3,Rawalpindi,Rawalpindi
12/20/2016 11:30,12/20/2016 12:17,19.4,Rawalpindi,Unknown Location
12/20/2016 13:14,12/20/2016 13:20,1.7,Unknown Location,Unknown Location
12/20/2016 13:54,12/20/2016 14:17,5.7,Unknown Location,Islamabad
12/20/2016 16:14,12/20/2016 16:24,1.8,Islamabad,Islamabad
12/20/2016 16:56,12/20/2016 17:07,1.4,Islamabad,Islamabad
12/20/2016 18:47,12/20/2016 19:21,10.3,Islamabad,Unknown Location
12/21/2016 7:42,12/21/2016 8:10,11.5,Unknown Location,Unknown Location
12/21/2016 10:14,12/21/2016 10:30,4.9,Unknown Location,Islamabad
12/21/2016 11:35,12/21/2016 11:49,3.5,Islamabad,Unknown Location
12/21/2016 12:51,12/21/2016 13:33,16.2,Unknown Location,Unknown Location
12/21/2016 15:38,12/21/2016 15:49,2,Unknown Location,Unknown Location
12/21/2016 15:55,12/21/2016 16:05,2.1,Unknown Location,Islamabad
12/21/2016 17:45,12/21/2016 17:54,2.1,Islamabad,Islamabad
12/21/2016 17:59,12/21/2016 18:31,7.2,Islamabad,Unknown Location
12/21/2016 19:49,12/21/2016 20:35,12,Unknown Location,Rawalpindi
12/21/2016 20:56,12/21/2016 23:42,103,Rawalpindi,Unknown Location
12/22/2016 15:40,12/22/2016 16:38,32.3,Unknown Location,Unknown Location
12/22/2016 17:04,12/22/2016 17:20,5.3,Unknown Location,Unknown Location
12/22/2016 17:27,12/22/2016 17:53,11.6,Unknown Location,Unknown Location
12/22/2016 17:56,12/22/2016 18:29,23.2,Unknown Location,Unknown Location
12/22/2016 18:31,12/22/2016 18:37,3.2,Unknown Location,Unknown Location
12/22/2016 18:38,12/22/2016 18:47,12.3,Unknown Location,Unknown Location
12/22/2016 19:04,12/22/2016 19:50,14,Unknown Location,Lahore
12/22/2016 21:41,12/22/2016 21:53,2.1,Lahore,Lahore
12/22/2016 23:27,12/22/2016 23:32,2.1,Lahore,Lahore
12/23/2016 9:21,12/23/2016 9:41,3,Lahore,Lahore
12/23/2016 11:33,12/23/2016 11:58,6.2,Lahore,Unknown Location
12/23/2016 14:15,12/23/2016 15:25,9.6,Unknown Location,Unknown Location
12/23/2016 16:23,12/23/2016 16:34,1.3,Unknown Location,Unknown Location
12/23/2016 17:34,12/23/2016 18:27,7.1,Unknown Location,Lahore
12/24/2016 7:43,12/24/2016 8:04,6.3,Lahore,Unknown Location
12/24/2016 9:19,12/24/2016 9:55,10.7,Unknown Location,Lahore
12/24/2016 10:34,12/24/2016 10:53,5.3,Lahore,Lahore
12/24/2016 12:51,12/24/2016 12:53,1.6,Lahore,Lahore
12/24/2016 13:08,12/24/2016 13:29,3.6,Lahore,Lahore
12/24/2016 17:12,12/24/2016 17:27,1.7,Lahore,Lahore
12/24/2016 19:12,12/24/2016 19:27,2.9,Lahore,Lahore
12/24/2016 22:04,12/24/2016 22:09,0.6,Lahore,Lahore
12/25/2016 0:10,12/25/2016 0:14,0.6,Lahore,Lahore
12/25/2016 19:15,12/25/2016 19:26,2.3,Lahore,Lahore
12/25/2016 21:58,12/25/2016 22:04,2.3,Lahore,Lahore
12/26/2016 8:30,12/26/2016 8:41,3.2,Lahore,Lahore
12/26/2016 9:05,12/26/2016 9:19,6.2,Lahore,Lahore
12/26/2016 10:15,12/26/2016 10:36,7.7,Lahore,Lahore
12/26/2016 11:29,12/26/2016 11:42,3.8,Lahore,Lahore
12/26/2016 13:09,12/26/2016 13:43,7.9,Lahore,Unknown Location
12/27/2016 7:02,12/27/2016 7:14,4.9,Kar?chi,Kar?chi
12/27/2016 8:37,12/27/2016 8:59,5,Kar?chi,Kar?chi
12/27/2016 12:53,12/27/2016 12:57,0.6,Kar?chi,Kar?chi
12/27/2016 14:49,12/27/2016 15:03,3.1,Kar?chi,Unknown Location
12/27/2016 16:34,12/27/2016 16:58,7.9,Unknown Location,Kar?chi
12/27/2016 19:19,12/27/2016 19:50,5.5,Kar?chi,Kar?chi
12/28/2016 8:34,12/28/2016 9:06,10.3,Kar?chi,Unknown Location
12/28/2016 11:42,12/28/2016 12:12,10.4,Unknown Location,Kar?chi
12/28/2016 13:53,12/28/2016 14:01,2,Kar?chi,Kar?chi
12/28/2016 15:04,12/28/2016 15:39,8.5,Kar?chi,Unknown Location
12/28/2016 17:02,12/28/2016 17:16,4.4,Unknown Location,Kar?chi
12/28/2016 18:33,12/28/2016 18:56,3.8,Kar?chi,Kar?chi
12/28/2016 22:44,12/28/2016 23:18,5.1,Kar?chi,Kar?chi
12/29/2016 0:49,12/29/2016 1:06,3.8,Kar?chi,Kar?chi
12/29/2016 9:44,12/29/2016 10:07,11.6,Kar?chi,Unknown Location
12/29/2016 11:28,12/29/2016 12:00,11.9,Unknown Location,Kar?chi
12/29/2016 12:25,12/29/2016 12:33,1.4,Kar?chi,Kar?chi
12/29/2016 13:17,12/29/2016 13:24,1.1,Kar?chi,Kar?chi
12/29/2016 13:56,12/29/2016 14:11,4.1,Kar?chi,Kar?chi
12/29/2016 14:42,12/29/2016 14:58,6.1,Kar?chi,Kar?chi
12/29/2016 15:05,12/29/2016 15:16,1.3,Kar?chi,Kar?chi
12/29/2016 18:59,12/29/2016 19:14,3,Kar?chi,Unknown Location
12/29/2016 19:50,12/29/2016 20:10,4.1,Unknown Location,Kar?chi
12/29/2016 20:15,12/29/2016 20:45,7.2,Kar?chi,Kar?chi
12/29/2016 20:53,12/29/2016 21:42,6.4,Kar?chi,Unknown Location
12/29/2016 23:14,12/29/2016 23:47,12.9,Unknown Location,Kar?chi
12/30/2016 10:15,12/30/2016 10:33,2.8,Kar?chi,Kar?chi
12/30/2016 11:31,12/30/2016 11:56,2.9,Kar?chi,Kar?chi
12/30/2016 15:41,12/30/2016 16:03,4.6,Kar?chi,Kar?chi
12/30/2016 16:45,12/30/2016 17:08,4.6,Kar?chi,Kar?chi
12/30/2016 23:06,12/30/2016 23:10,0.8,Kar?chi,Kar?chi
12/31/2016 1:07,12/31/2016 1:14,0.7,Kar?chi,Kar?chi
12/31/2016 13:24,12/31/2016 13:42,3.9,Kar?chi,Unknown Location
12/31/2016 15:03,12/31/2016 15:38,16.2,Unknown Location,Unknown Location
12/31/2016 21:32,12/31/2016 21:50,6.4,Katunayake,Gampaha
12/31/2016 22:08,12/31/2016 23:51,48.2,Gampaha,Ilukwatta
Totals,,12204.7,,
,,,,
,,,,
